city,state_id,state_name,Low_Confidence_Limit,Data_Value,health_bad,High_Confidence_Limit,PopulationCount,density,state_name,ALand,AWater,Median,Stdev
Abilene,TX,Texas,13.74102564,15.05384615,1,16.34615385,9004.692308,446,Texas,5132188.384615385,15953.923076923076,79425.53846153847,38462.769230769234
Akron,OH,Ohio,15.93382353,17.22794118,1,18.56470588,8784.176471,1231,Ohio,5736326.685714286,193270.11428571428,50195.68571428571,38406.74285714285
Alameda,CA,California,9.211111111,10.08333333,0,11.03333333,12302.0,2868,California,1308178.875,424237.5,72782.25,71335.125
Albany,GA,Georgia,14.45636364,15.96181818,1,17.50909091,9561.272727,505,Georgia,49399136.07692308,718454.2307692308,54255.46153846154,40806.61538461538
Albuquerque,NM,New Mexico,12.92086331,14.15323741,1,15.42517986,11780.61151,1155,New Mexico,32521124.525423728,100125.61016949153,97945.81355932204,46159.627118644064
Alexandria,VA,Virginia,9.555,10.5525,0,11.76,10497.45,4121,Virginia,2610179.5,133594.5,149468.9375,60584.5625
Alhambra,CA,California,9.213636364,10.07727273,0,10.95909091,11330.31818,4237,California,892702.5555555555,0.0,59440.11111111111,57842.77777777778
Allen,TX,Texas,9.684615385,10.7,0,11.79230769,19441.38462,1544,Texas,10986384.8,34787.0,181360.2,57907.2
Allentown,PA,Pennsylvania,16.38571429,17.65357143,1,18.96785714,12646.28571,2672,Pennsylvania,2536574.1428571427,68691.0,40375.642857142855,42076.92857142857
Amarillo,TX,Texas,13.40350877,14.60175439,1,15.81578947,10036.57895,756,Texas,96483447.52,1395202.4,92547.04,41992.48
Anaheim,CA,California,11.78051948,12.92987013,0,14.0961039,13100.76623,2688,California,5172194.095238095,138261.42857142858,124430.61904761905,47667.47619047619
Anchorage,AK,Alaska,10.54035088,11.52982456,0,12.5754386,15359.26316,65,Alaska,23912688.48,11346830.4,156128.44,55792.68
Ann Arbor,MI,Michigan,10.82857143,12.31142857,0,13.84857143,9765.4,1659,Michigan,6344993.4375,133702.0,174064.75,68927.1875
Antioch,CA,California,13.11363636,14.01363636,1,14.91363636,13959.81818,1466,California,3260901.1666666665,222862.33333333334,87696.0,46514.166666666664
Apple Valley,CA,California,13.42142857,14.37857143,1,15.35714286,14812.35714,378,California,13011381.2,93601.2,148026.0,43856.6
Appleton,WI,Wisconsin,10.88076923,12.12307692,0,13.44230769,8378.692308,1156,Wisconsin,11476426.909090908,79527.27272727272,62299.72727272727,48297.36363636364
Arlington,TX,Texas,12.66,13.81066667,0,14.99733333,14617.52,1607,Texas,3342525.9166666665,111154.08333333333,88018.33333333333,47547.916666666664
Arlington Heights,IL,Illinois,8.704166667,9.775,0,10.98333333,9386.583333,1738,Illinois,2618964.0,0.0,145228.5,70290.5
Arvada,CO,Colorado,9.925714286,11.12285714,0,12.36571429,9121.885714,1207,Colorado,10478312.0,217043.41666666666,80163.0,50670.0
Asheville,NC,North Carolina,11.31935484,12.64193548,0,14.02903226,8067.903226,786,North Carolina,9376233.5,93576.5,95030.6,47883.0
Athens,GA,Georgia,13.78125,15.53125,1,17.365625,10823.625,421,Georgia,11609039.0,195445.7,45459.2,48003.6
Atlanta,GA,Georgia,11.67424242,13.09318182,0,14.65530303,9545.424242,1441,Georgia,3884163.4838709678,45806.903225806454,74091.5,55154.62903225807
Auburn,WA,Washington,13.4047619,14.59047619,1,15.79047619,10025.2381,1063,Washington,7590425.0,112615.9,110401.5,46826.1
Augusta,GA,Georgia,14.18367347,15.46122449,1,16.76734694,11990.44898,252,Georgia,4075919.7333333334,38983.6,66870.86666666667,36886.333333333336
Aurora,CO,Colorado,11.73435115,12.87175573,0,14.08320611,11976.12214,949,Colorado,7110624.96875,5474.25,90935.5625,44859.4375
Austin,TX,Texas,10.944,12.168,0,13.513,11855.49,1181,Texas,7834425.1625,161090.4625,100559.7875,55121.3125
Avondale,AZ,Arizona,13.09130435,14.15652174,1,15.25217391,9943.086957,750,Arizona,2487270.5,20106.25,54213.0,38149.75
Bakersfield,CA,California,13.71481481,14.90617284,1,16.12839506,12868.67901,990,California,19194823.55263158,132052.81578947368,89388.44736842105,42421.07894736842
Baldwin Park,CA,California,11.785,13.11,0,14.465,11308.5,4381,California,1275971.3333333333,31815.166666666668,135612.5,41905.5
Baltimore,MD,Maryland,14.70746269,16.28159204,1,17.94079602,9267.965174,2830,Maryland,2264184.170212766,314055.90070921986,63328.29787234042,46122.0780141844
Baton Rouge,LA,Louisiana,15.57121212,17.33787879,1,19.13939394,10430.42424,983,Louisiana,13313191.742857143,412284.3714285714,69642.31428571428,42751.25714285715
Baytown,TX,Texas,13.435,14.475,1,15.54,10769.1,807,Texas,18520395.888888888,1001020.0,79781.11111111111,52340.88888888889
Beaumont,TX,Texas,13.74722222,14.89444444,1,16.08333333,9858.0,547,Texas,4567499.857142857,101469.71428571429,80790.5,29304.35714285714
Beaverton,OR,Oregon,11.24814815,12.49259259,0,13.86666667,9975.592593,1952,Oregon,2971585.6428571427,0.0,130753.64285714286,50075.21428571428
Bellevue,WA,Washington,8.623333333,9.506666667,0,10.52,12235.7,1709,Washington,3274710.285714286,375479.5,135474.64285714287,71368.07142857143
Bellflower,CA,California,12.375,13.26,0,14.18,11492.4,4822,California,1322714.5555555555,7107.777777777777,85877.88888888889,49910.77777777778
Bellingham,WA,Washington,12.35789474,13.96842105,1,15.57894737,12771.31579,1287,Washington,30603710.545454547,8117756.454545454,78474.90909090909,51148.09090909091
Bend,OR,Oregon,11.75714286,13.00714286,0,14.33571429,16422.64286,1171,Oregon,29337350.285714287,150606.14285714287,87141.42857142857,47044.71428571428
Berkeley,CA,California,9.514285714,10.54285714,0,11.68,9649.714286,4473,California,808759.4,514.4,90893.4,72681.8
Bethlehem,PA,Pennsylvania,13.685,15.045,1,16.44,11247.3,1531,Pennsylvania,3534084.0,59887.583333333336,138517.66666666666,47680.666666666664
Billings,MT,Montana,11.22758621,12.47241379,0,13.76206897,10776.10345,948,Montana,40709962.5,466583.8333333333,89123.41666666667,38548.416666666664
Birmingham,AL,Alabama,14.92826087,16.43804348,1,18.04891304,6918.673913,553,Alabama,6907365.444444444,106941.80555555556,46903.27777777778,36507.833333333336
Bloomington,IL,Illinois,11.48732394,12.92112676,0,14.38450704,10136.49296,1100,Illinois,3813719.8571428573,0.0,76279.71428571429,39242.71428571428
Boca Raton,FL,Florida,9.810344828,10.8862069,0,12.0862069,8730.206897,1320,Florida,6549162.2272727275,299759.2272727273,96880.68181818182,63247.13636363636
Boise,ID,Idaho,10.54042553,11.81276596,0,13.16808511,13127.93617,1056,Idaho,3995980.9444444445,38980.61111111111,90399.27777777778,47396.833333333336
Bolingbrook,IL,Illinois,10.9,11.83684211,0,12.82631579,11584.10526,1169,Illinois,4032757.4,2344.2,100323.8,39905.8
Boston,MA,Massachusetts,12.912,14.38628571,1,16.052,10587.09714,5532,Massachusetts,430977.0,16523.70588235294,59771.882352941175,67582.4705882353
Boulder,CO,Colorado,9.426666667,10.95666667,0,12.53,9738.5,1551,Colorado,10208329.272727273,757531.2727272727,114068.45454545454,65201.27272727273
Boynton Beach,FL,Florida,12.00769231,13.13076923,0,14.29615385,7871.192308,1880,Florida,3326097.3076923075,56693.769230769234,101273.0,52077.61538461538
Bridgeport,CT,Connecticut,13.375,14.435,1,15.515,10817.175,3470,Connecticut,1090716.3076923077,20417.0,65465.0,44574.230769230766
Brockton,MA,Massachusetts,15.04782609,16.05217391,1,17.06956522,12236.08696,1732,Massachusetts,3268155.090909091,16050.09090909091,160378.27272727274,45799.63636363636
Broken Arrow,OK,Oklahoma,12.47692308,13.80512821,0,15.15384615,7602.205128,688,Oklahoma,14413396.363636363,531133.6363636364,59414.63636363636,49608.0
Brooklyn Park,MN,Minnesota,10.11333333,10.88666667,0,11.68666667,15156.2,1190,Minnesota,14329629.285714285,267342.85714285716,129469.71428571429,50128.142857142855
Brownsville,TX,Texas,14.152,15.938,1,17.676,10500.94,533,Texas,5430828.769230769,434581.3076923077,28978.384615384617,36374.0
Bryan,TX,Texas,13.87222222,15.13333333,1,16.45,12700.16667,726,Texas,4858980.285714285,0.0,70012.28571428571,37183.57142857143
Buena Park,CA,California,11.13,12.025,0,12.935,12079.5,3002,California,2510450.0,4763.6,108935.8,45967.2
Buffalo,NY,New York,15.40123457,16.81481481,1,18.26666667,9678.148148,2441,New York,1225500.3488372094,6983.6511627906975,67380.67441860466,36248.023255813954
Burbank,CA,California,10.3,11.252,0,12.24,12400.8,2285,California,1539484.1,0.0,105849.9,52474.8
Burlington,VT,Vermont,12.4,14.53846154,1,16.77692308,9788.538462,1604,Vermont,2385362.5,104943.5,39998.25,52175.75
Cambridge,MA,Massachusetts,9.623529412,10.68529412,0,11.99411765,9279.0,7182,Massachusetts,770000.9166666666,128814.08333333333,74773.66666666667,65613.75
Camden,NJ,New Jersey,18.57619048,19.97619048,1,21.4047619,11049.14286,3184,New Jersey,1128119.4444444445,130593.22222222222,55402.88888888889,37239.333333333336
Canton,OH,Ohio,16.11785714,17.29642857,1,18.48928571,7820.392857,1040,Ohio,8525338.625,106075.625,75983.1875,43539.625
Cape Coral,FL,Florida,12.70322581,13.80967742,0,14.95483871,14931.74194,708,Florida,9977961.923076924,2499490.076923077,85313.23076923077,45495.07692307692
Carlsbad,CA,California,8.463636364,9.495454545,0,10.72727273,14362.81818,1180,California,4710510.0,371028.14285714284,123259.57142857143,71533.42857142857
Carmel,IN,Indiana,8.941176471,10.03529412,0,11.31176471,13974.88235,795,Indiana,7364557.2,154436.6,178121.2,63247.8
Carrollton,TX,Texas,11.17142857,12.32,0,13.52,10208.14286,1466,Texas,11174263.545454545,244853.54545454544,128510.81818181818,52651.09090909091
Carson,CA,California,10.5,11.4047619,0,12.38571429,13100.0,1883,California,2452163.1428571427,7799.571428571428,54105.0,48750.857142857145
Cary,NC,North Carolina,8.573170732,9.604878049,0,10.83170732,9895.02439,1119,North Carolina,14321178.785714285,276307.85714285716,149078.92857142858,62392.42857142857
Cedar Rapids,IA,Iowa,10.62368421,11.84473684,0,13.08947368,9972.894737,720,Iowa,34603140.94444445,713007.8333333334,92919.72222222222,51530.944444444445
Centennial,CO,Colorado,8.632432432,9.764864865,0,11.02702703,8138.108108,1448,Colorado,2467002.3333333335,2570.5555555555557,161514.77777777778,61548.22222222222
Champaign,IL,Illinois,12.16818182,13.94545455,1,15.58181818,11050.86364,1503,Illinois,26201679.09090909,18331.636363636364,92168.27272727272,46751.818181818184
Chandler,AZ,Arizona,10.15081967,11.30491803,0,12.54918033,11611.72131,1548,Arizona,3060747.095238095,3946.6190476190477,118475.0,55031.619047619046
Charleston,WV,West Virginia,12.90285714,14.44571429,1,16.12285714,7348.571429,570,West Virginia,16594062.727272727,103776.63636363637,74973.81818181818,55698.90909090909
Charlotte,NC,North Carolina,11.862,13.1215,0,14.4785,10971.265,1113,North Carolina,4499157.815384615,36629.83076923077,92478.2,47989.984615384616
Chattanooga,TN,Tennessee,14.36346154,15.76346154,1,17.20769231,9672.0,493,Tennessee,12441185.476190476,472727.38095238095,77834.90476190476,42546.09523809524
Chesapeake,VA,Virginia,11.8744186,13.02325581,0,14.2372093,15502.95349,279,Virginia,19724262.4375,223902.3125,124815.625,51640.375
Cheyenne,WY,Wyoming,10.61111111,11.7,0,12.79444444,9911.0,771,Wyoming,8597619.5,7657.5,120491.375,41848.125
Chicago,IL,Illinois,11.97562814,13.35615578,0,14.85766332,10159.25628,4574,Illinois,2752540.345637584,97225.21140939597,65355.20469798658,49482.95302013423
Chico,CA,California,13.224,15.036,1,16.856,10342.4,1191,California,36165258.6,750214.8,107537.7,61403.0
Chino,CA,California,11.32,12.37,0,13.42,11697.45,1229,California,15101385.833333334,2779.0,138879.5,54042.583333333336
Chino Hills,CA,California,8.935714286,9.7,0,10.48571429,16028.35714,724,California,5789014.0,81690.0,46521.0,46834.0
Chula Vista,CA,California,11.15714286,12.18367347,0,13.25306122,14933.63265,2134,California,3385516.3529411764,317862.5294117647,69186.70588235294,48165.17647058824
Cicero,IL,Illinois,13.73333333,15.18333333,1,16.67222222,13981.83333,5318,Illinois,1118573.857142857,0.0,151544.0,35055.0
Cincinnati,OH,Ohio,15.01196581,16.62393162,1,18.32393162,7612.769231,1507,Ohio,4035043.094117647,25606.423529411764,71330.90588235293,48834.16470588235
Citrus Heights,CA,California,12.844,13.956,1,15.108,9996.12,2381,California,1889135.125,0.0,79440.375,42657.5
Clarksville,TN,Tennessee,14.51388889,15.86666667,1,17.25277778,11076.61111,618,Tennessee,17231996.0,287792.5,91596.75,37743.583333333336
Clearwater,FL,Florida,12.72368421,13.98947368,1,15.27105263,8501.447368,1731,Florida,31669249.45,1602284.45,47896.05,48850.1
Cleveland,OH,Ohio,17.14350282,18.70734463,1,20.32316384,6725.672316,1893,Ohio,1148183.0,83678.20588235294,35241.544117647056,33212.367647058825
Clifton,NJ,New Jersey,11.58888889,12.56111111,0,13.54444444,14022.66667,2913,New Jersey,1806753.625,12700.125,159497.5,55017.125
Clovis,CA,California,11.404,12.372,0,13.38,11475.64,1741,California,12989803.444444444,83354.0,112036.88888888889,44782.11111111111
College Station,TX,Texas,12.56428571,14.96785714,1,17.45357143,10056.10714,890,Texas,3071702.1666666665,6348.666666666667,38683.583333333336,38491.166666666664
Colorado Springs,CO,Colorado,11.61238095,12.83809524,0,14.12666667,11897.52381,946,Colorado,6269099.386363637,11642.545454545454,97020.36363636363,47401.90909090909
Columbia,SC,South Carolina,13.47888889,15.35111111,1,17.27444444,7924.911111,373,South Carolina,5625222.151515151,107417.87878787878,98181.0,47084.84848484849
Columbus,OH,Ohio,14.32299652,15.74285714,1,17.22508711,10211.33449,1582,Ohio,10430580.666666666,326627.82666666666,57126.933333333334,36656.13333333333
Compton,CA,California,14.67419355,16.06451613,1,17.41935484,9334.354839,3680,California,2830917.9285714286,25890.071428571428,43186.0,40792.5
Concord,CA,California,11.68909091,12.82909091,0,14.00545455,10970.45455,1633,California,2505063.3076923075,0.0,162947.92307692306,55910.38461538462
Coral Springs,FL,Florida,11.85,12.92142857,0,14.06785714,12974.57143,2258,Florida,3485520.3636363638,71496.18181818182,127806.90909090909,56930.72727272727
Corona,CA,California,12.23783784,13.35405405,0,14.47027027,12354.64865,1640,California,22924226.64285714,71484.42857142857,107735.14285714286,53197.21428571428
Corpus Christi,TX,Texas,12.47894737,13.56052632,0,14.65263158,12047.81579,789,Texas,5641641.214285715,209574.0,85253.25,49112.892857142855
Costa Mesa,CA,California,11.22592593,12.44814815,0,13.71851852,12217.7037,2762,California,3206747.0,310827.06666666665,172005.0,68751.26666666666
Cranston,RI,Rhode Island,12.32105263,13.55263158,0,14.86315789,12692.68421,1109,Rhode Island,2282657.0,289817.8888888889,107184.11111111111,44987.22222222222
Dallas,TX,Texas,12.99248366,14.29869281,1,15.67091503,11742.66993,1526,Texas,3018938.4916666667,109512.63333333333,89818.65833333334,48019.63333333333
Daly City,CA,California,8.663636364,9.45,0,10.27272727,13789.5,5370,California,4158262.4285714286,0.0,152009.2857142857,62772.57142857143
Danbury,CT,Connecticut,10.95882353,12.0,0,13.04705882,14275.23529,779,Connecticut,5320388.857142857,343033.0,138090.2857142857,53398.42857142857
Davenport,IA,Iowa,12.03333333,13.15454545,0,14.32424242,9061.212121,617,Iowa,21352106.46153846,751094.6153846154,75356.53846153847,45562.307692307695
Davie,FL,Florida,11.56086957,12.64347826,0,13.75652174,11996.82609,1175,Florida,6265273.0,83048.33333333333,91404.66666666667,64345.333333333336
Dayton,OH,Ohio,16.28474576,17.95762712,1,19.58644068,7193.440678,978,Ohio,3720565.222222222,27948.833333333332,49566.083333333336,39635.0
Dearborn,MI,Michigan,15.20769231,16.95,1,18.73846154,11325.34615,1496,Michigan,2645655.0,31768.30769230769,32456.46153846154,30557.76923076923
Decatur,IL,Illinois,13.68064516,14.91612903,1,16.17741935,7366.645161,645,Illinois,12592921.166666666,293045.6666666667,47799.333333333336,37865.666666666664
Deerfield Beach,FL,Florida,13.01578947,14.13684211,1,15.28947368,11844.94737,2093,Florida,2636777.5,67131.5,45317.25,44768.0
Deltona,FL,Florida,14.23157895,15.2,1,16.16315789,13448.21053,960,Florida,6963164.0,644319.0,42101.666666666664,35307.666666666664
Denton,TX,Texas,12.75862069,14.33793103,1,16.0137931,11728.48276,567,Texas,6586006.8,51075.4,75195.4,48163.6
Denver,CO,Colorado,10.59172414,11.75448276,0,13.03310345,12417.06207,1831,Colorado,2258821.1739130435,55933.86956521739,80527.49275362318,51004.637681159424
Des Moines,IA,Iowa,12.095,13.275,0,14.49333333,10171.41667,938,Iowa,13425833.423076924,276719.6923076923,74831.0,40830.5
Detroit,MI,Michigan,17.33639456,18.99217687,1,20.71564626,7283.234694,1864,Michigan,4519124.454545454,108807.22727272728,26177.263636363637,33507.972727272725
Downey,CA,California,11.02173913,12.10869565,0,13.24782609,14577.6087,3457,California,43058755.25,624432.5,124512.5,50329.375
Duluth,MN,Minnesota,10.92162162,12.38108108,0,13.87027027,6993.891892,461,Minnesota,63854714.666666664,7129135.083333333,50648.416666666664,51104.25
Durham,NC,North Carolina,12.025,13.29666667,0,14.65,11415.91667,959,North Carolina,6379625.65,56871.55,69280.9,41429.25
Edinburg,TX,Texas,13.34,14.95333333,1,16.6,15420.0,873,Texas,19129208.75,0.0,33979.25,34303.5
Edmond,OK,Oklahoma,11.8125,13.15416667,0,14.6125,10175.625,428,Oklahoma,20917378.0,812098.5,172842.33333333334,65652.0
El Cajon,CA,California,13.58333333,14.67666667,1,15.81333333,9947.8,2732,California,6803614.0,119100.33333333333,101859.91666666667,56324.833333333336
El Monte,CA,California,12.565625,13.853125,0,15.140625,10637.0,4663,California,1479703.9090909092,44522.454545454544,66734.09090909091,48743.72727272727
El Paso,TX,Texas,12.30601504,13.69022556,0,15.11052632,14641.6391,1022,Texas,9088440.953125,22561.90625,75852.015625,39766.859375
Elgin,IL,Illinois,11.70740741,12.81111111,0,13.95555556,12018.85185,1141,Illinois,4767416.8,44141.8,110239.3,52134.8
Elizabeth,NJ,New Jersey,15.32857143,16.47142857,1,17.59285714,13389.53571,4049,New Jersey,956827.9090909091,23701.454545454544,71749.18181818182,44248.545454545456
Elk Grove,CA,California,10.7,11.59333333,0,12.51666667,15301.5,1605,California,2496216.1,0.0,122880.1,59017.4
Erie,PA,Pennsylvania,17.103125,18.575,1,20.0375,9542.4375,1926,Pennsylvania,13743601.15,271956.9,75668.05,39281.55
Escondido,CA,California,12.24857143,13.41714286,0,14.58857143,12334.74286,1568,California,10553037.714285715,118628.64285714286,97756.5,48883.57142857143
Eugene,OR,Oregon,13.54444444,15.17555556,1,16.88,10412.15556,1510,Oregon,11014514.588235294,19143.647058823528,102514.76470588235,44140.470588235294
Evanston,IL,Illinois,9.1,10.135,0,11.305,11172.9,3646,Illinois,1003558.125,98074.0,75019.5,62582.125
Evansville,IN,Indiana,16.25813953,17.8255814,1,19.41627907,8192.232558,962,Indiana,13405092.285714285,191637.85714285713,78885.0,36364.71428571428
Everett,WA,Washington,12.89285714,14.1,1,15.30357143,11036.92857,1296,Washington,3009287.090909091,423855.9090909091,105747.27272727272,47485.818181818184
Fairfield,CA,California,12.35714286,13.25,0,14.15714286,11283.82143,1097,California,8307655.333333333,61744.88888888889,118154.55555555556,50086.11111111111
Fall River,MA,Massachusetts,16.02592593,17.51481481,1,19.01481481,9873.0,1044,Massachusetts,2408682.8181818184,679220.9090909091,41325.09090909091,39779.181818181816
Fargo,ND,North Dakota,10.01851852,11.47777778,0,12.99259259,11727.66667,967,North Dakota,2829275.875,0.0,109873.5,40517.0
Farmington Hills,MI,Michigan,9.533333333,10.51666667,0,11.6,9967.375,935,Michigan,3269256.375,0.0,106650.625,55271.5
Fayetteville,AR,Arkansas,13.67681159,15.04492754,1,16.37971014,11918.37681,625,Arkansas,9034617.0,118158.6,34660.2,40774.4
Federal Way,WA,Washington,12.99047619,13.95238095,1,14.94285714,12757.90476,1667,Washington,7708878.636363637,200862.72727272726,99228.45454545454,46715.36363636364
Fishers,IN,Indiana,9.472727273,10.60909091,0,11.91818182,20943.81818,1037,Indiana,8503592.333333334,293060.6666666667,228973.66666666666,63317.0
Flint,MI,Michigan,18.6804878,20.13902439,1,21.67560976,7494.219512,1103,Michigan,4375134.125,54764.0,61869.875,27934.125
Folsom,CA,California,9.433333333,10.45555556,0,11.59444444,12031.61111,1126,California,3241219.0,199239.83333333334,147762.16666666666,59004.166666666664
Fontana,CA,California,13.26216216,14.47837838,1,15.70810811,15897.48649,1923,California,2937691.0,0.0,85852.46153846153,36861.61538461538
Fort Collins,CO,Colorado,10.61666667,12.2375,0,13.89583333,8998.208333,1149,Colorado,11602165.0,989609.0,89265.8,51797.73333333333
Fort Lauderdale,FL,Florida,12.72307692,13.95961538,1,15.24807692,9548.769231,2036,Florida,1678678.2352941176,179057.0,61552.0,48321.41176470588
Fort Smith,AR,Arkansas,15.73913043,17.00434783,1,18.30869565,11244.65217,536,Arkansas,7208942.3,673670.1,34863.1,36609.2
Fort Wayne,IN,Indiana,14.87125,16.27125,1,17.7325,9512.8625,943,Indiana,6565283.129032258,12310.516129032258,78880.35483870968,43114.645161290326
Fort Worth,TX,Texas,13.53703704,14.74320988,1,15.9691358,13725.34568,1016,Texas,6269834.972222222,242362.55555555556,92542.77777777778,43187.916666666664
Fremont,CA,California,7.66,8.391111111,0,9.213333333,14272.6,1201,California,6844109.235294118,737798.5882352941,134866.82352941178,68391.11764705883
Fresno,CA,California,14.12936508,15.31904762,1,16.52539683,11777.37302,1789,California,6606283.893617021,5312.04255319149,65852.14893617021,44210.063829787236
Frisco,TX,Texas,8.834285714,9.96,0,11.25428571,10027.45714,1136,Texas,5705436.2,59543.2,257203.4,60699.7
Fullerton,CA,California,10.48,11.56285714,0,12.72,11585.22857,2386,California,2201596.4545454546,653.0909090909091,174472.45454545456,50743.454545454544
Gainesville,FL,Florida,14.14102564,15.96666667,1,17.87948718,9565.410256,820,Florida,28192987.14285714,622367.7142857143,36414.21428571428,36737.642857142855
Garden Grove,CA,California,11.44090909,12.45227273,0,13.48409091,11650.84091,3690,California,1605532.8666666667,7752.533333333334,87657.2,50954.46666666667
Garland,TX,Texas,13.14,14.272,1,15.43,13611.44,1623,Texas,3209780.3,616508.25,71518.4,40741.0
Gary,IN,Indiana,16.9,18.4,1,19.97575758,7299.454545,581,Indiana,4126404.25,207717.58333333334,32052.166666666668,37242.833333333336
Gastonia,NC,North Carolina,14.22258065,15.50322581,1,16.79032258,6940.935484,577,North Carolina,12444044.909090908,55696.454545454544,86124.18181818182,40740.545454545456
Gilbert,AZ,Arizona,10.22340426,11.42978723,0,12.70212766,13305.42553,1432,Arizona,17833917.64285714,42039.642857142855,145477.14285714287,59110.642857142855
Glendale,AZ,Arizona,12.25048544,13.40291262,0,14.59514563,12186.50485,1582,Arizona,3636748.1071428573,21522.75,92191.10714285714,43621.607142857145
Grand Prairie,TX,Texas,12.9925,14.0425,1,15.1075,13153.25,1039,Texas,4902468.428571428,851861.4285714285,97715.85714285714,46673.92857142857
Grand Rapids,MI,Michigan,13.89444444,15.46666667,1,17.17407407,10446.66667,1734,Michigan,8137712.588235294,169572.64705882352,81931.35294117648,41822.205882352944
Greeley,CO,Colorado,12.34705882,13.77352941,0,15.21176471,8193.529412,858,Colorado,14739533.9,45074.8,114736.2,38067.8
Green Bay,WI,Wisconsin,12.334375,13.59375,0,14.890625,9755.34375,887,Wisconsin,16282751.47368421,1213388.5789473683,71378.52631578948,45871.31578947369
Greensboro,NC,North Carolina,12.3962963,13.68148148,0,15.02592593,9987.259259,887,North Carolina,7556196.185185186,84064.0,60370.7037037037,37881.0
Greenville,NC,North Carolina,13.432,15.368,1,17.264,10146.4,1012,North Carolina,34924218.88888889,136701.77777777778,63737.555555555555,45328.666666666664
Gresham,OR,Oregon,15.2,16.45555556,1,17.75925926,11732.66667,1808,Oregon,3296822.5,30380.0,91960.66666666667,37191.666666666664
Gulfport,MS,Mississippi,14.58333333,15.875,1,17.23333333,8474.125,497,Mississippi,17235054.1,1127453.3,33135.0,33837.3
Hammond,IN,Indiana,15.38571429,16.48095238,1,17.61904762,11547.14286,1282,Indiana,2546495.714285714,15379.142857142857,74541.14285714286,40482.71428571428
Hampton,VA,Virginia,12.75714286,13.91428571,1,15.01714286,11780.22857,1009,Virginia,4352728.142857143,11182008.857142856,57586.42857142857,39239.21428571428
Hartford,CT,Connecticut,15.49047619,16.84761905,1,18.22380952,8912.5,2712,Connecticut,1263776.0666666667,67016.2,35360.13333333333,34694.2
Hawthorne,CA,California,12.86521739,14.0173913,1,15.2,10991.69565,5463,California,1943524.857142857,1682.142857142857,86717.57142857143,44212.857142857145
Hayward,CA,California,11.11052632,11.95,0,12.80789474,11382.68421,1349,California,1770650.3076923077,4737.7692307692305,116343.15384615384,50546.769230769234
Hemet,CA,California,14.39166667,15.41666667,1,16.47916667,9830.791667,1125,California,17996378.777777776,3185.0,42557.22222222222,44739.22222222222
Henderson,NV,Nevada,11.26911765,12.36617647,0,13.5,11369.72059,1165,Nevada,8699625.84,0.0,116706.04,57697.12
Hesperia,CA,California,14.7,15.73888889,1,16.8,15028.22222,508,California,6500470.75,0.0,51387.75,37012.5
Hialeah,FL,Florida,13.38409091,14.86818182,1,16.37045455,15318.22727,4174,Florida,1525024.1176470588,78818.82352941176,32107.176470588234,35242.94117647059
High Point,NC,North Carolina,13.06285714,14.23714286,1,15.48285714,8945.542857,777,North Carolina,6873063.083333333,24568.166666666668,70267.33333333333,40140.25
Hillsboro,OR,Oregon,11.91304348,13.16956522,0,14.47391304,11946.13043,1640,Oregon,32957914.125,50324.375,145622.5,53800.5
Hollywood,FL,Florida,12.8,13.86216216,0,14.94324324,11413.62162,2192,Florida,2326296.923076923,87968.46153846153,104066.61538461539,46062.692307692305
Honolulu,HI,Hawaii,9.553813559,10.31779661,0,11.08601695,12116.84322,2200,Hawaii,2954641.1707317075,924104.4390243902,109976.51219512195,57229.85365853659
Hoover,AL,Alabama,10.34,11.57,0,12.93,8161.0,691,Alabama,12388843.833333334,327375.3333333333,156242.66666666666,61905.666666666664
Houston,TX,Texas,12.53032491,13.80631769,0,15.12743682,11367.52347,1399,Texas,4287144.299107143,180701.36607142858,92485.22767857143,47939.20982142857
Huntington Beach,CA,California,9.866666667,10.93333333,0,12.07083333,11874.5,2848,California,5784788.611111111,971725.0555555555,112902.72222222222,58816.333333333336
Huntsville,AL,Alabama,13.575,14.96166667,1,16.43333333,9003.583333,361,Alabama,14815289.166666666,107040.27777777778,66177.66666666667,43942.11111111111
Independence,MO,Missouri,13.79333333,15.01,1,16.22666667,11682.36667,577,Missouri,8919959.3,178558.1,75763.7,40546.2
Indianapolis,IN,Indiana,14.26481481,15.64259259,1,17.07777778,11395.06944,935,Indiana,4400012.928571428,108951.26190476191,58630.416666666664,39845.166666666664
Indio,CA,California,13.03181818,14.36818182,1,15.71363636,10366.77273,1066,California,4115510.4,11660.0,45309.6,42637.4
Inglewood,CA,California,12.8030303,14.10909091,1,15.45757576,9970.242424,4604,California,794571.8181818182,1199.6363636363637,42972.545454545456,42342.545454545456
Iowa City,IA,Iowa,10.78421053,12.49473684,0,14.18421053,10715.05263,1133,Iowa,88973602.83333333,250247.66666666666,84464.83333333333,46995.166666666664
Irvine,CA,California,8.721621622,9.689189189,0,10.73243243,17218.16216,1691,California,4335572.142857143,23924.785714285714,116929.28571428571,60058.07142857143
Irving,TX,Texas,12.42407407,13.56851852,0,14.75185185,12016.05556,1380,Texas,3633047.1666666665,31224.333333333332,102122.53333333334,48582.6
Jackson,MS,Mississippi,15.02181818,16.83272727,1,18.68363636,9464.381818,558,Mississippi,10348506.272727273,146946.72727272726,39673.954545454544,35113.36363636364
Jacksonville,FL,Florida,13.74076087,14.99891304,1,16.27880435,14542.20109,470,Florida,7257844.322033898,567894.0847457628,70440.15254237287,40884.661016949154
Jersey City,NJ,New Jersey,12.04117647,13.13088235,0,14.30441176,10923.39706,6863,New Jersey,620022.5652173914,448574.0869565217,66250.43478260869,55937.434782608696
Johns Creek,GA,Georgia,7.95625,8.7875,0,9.75,14386.5,1059,Georgia,48365755.0,837064.0,125949.5,76422.5
Joliet,IL,Illinois,13.01489362,14.12978723,1,15.2893617,9410.553191,886,Illinois,2833644.846153846,19636.69230769231,65947.69230769231,38156.92307692308
Jonesboro,AR,Arkansas,14.425,15.83125,1,17.3,12611.4375,377,Arkansas,41437657.5,229817.33333333334,38266.666666666664,29770.5
Kalamazoo,MI,Michigan,15.66521739,17.28695652,1,18.96956522,9686.130435,1192,Michigan,10042283.125,168743.0,55050.125,38732.5
Kansas City,KS,Kansas,13.7646789,15.02155963,1,16.34082569,8332.357798,473,Kansas,3291139.619047619,31170.85714285714,61596.333333333336,32569.04761904762
Kenner,LA,Louisiana,14.185,15.305,1,16.5,10005.3,1721,Louisiana,2140776.285714286,226842.14285714287,85283.14285714286,49303.57142857143
Kennewick,WA,Washington,14.31875,15.55625,1,16.7875,13859.4375,1186,Washington,25900708.375,186556.75,81642.875,41625.5
Kenosha,WI,Wisconsin,12.25517241,13.41034483,0,14.62068966,10263.24138,1378,Wisconsin,3270294.75,478286.0833333333,131545.75,39654.5
Kent,WA,Washington,13.516,14.536,1,15.6,11089.32,1513,Washington,4841213.7,96351.0,112806.8,51895.8
Killeen,TX,Texas,14.2137931,15.2,1,16.24482759,13231.62069,1073,Texas,32476499.363636363,1132028.5454545454,63647.27272727273,34546.545454545456
Knoxville,TN,Tennessee,14.06428571,15.71714286,1,17.48285714,7662.514286,733,Tennessee,9987184.46875,801140.5,62480.03125,46199.40625
Lafayette,IN,Indiana,14.80877193,16.3877193,1,18.01052632,9882.175439,942,Indiana,58437005.6,310542.5,72324.3,40586.0
Lake Charles,LA,Louisiana,15.29583333,16.77916667,1,18.27916667,8999.125,674,Louisiana,32717771.0,2510774.25,36698.25,40387.166666666664
Lake Forest,CA,California,9.761111111,10.72222222,0,11.77222222,12877.33333,1985,California,2131042.25,32682.5,142865.25,61227.25
Lakeland,FL,Florida,14.1195122,15.47317073,1,16.83170732,7128.02439,654,Florida,7401268.142857143,1041323.9047619047,58622.80952380953,41216.52380952381
Lakewood,CA,California,10.24769231,11.28307692,0,12.36923077,10293.26154,3253,California,1509845.6666666667,2594.3333333333335,95721.66666666667,65647.0
Lancaster,CA,California,13.99722222,15.01944444,1,16.08055556,13052.75,645,California,20045517.214285713,10852.714285714286,42524.57142857143,42537.57142857143
Lansing,MI,Michigan,15.00714286,16.33333333,1,17.72380952,8161.97619,1164,Michigan,3327271.0,60951.6875,50029.875,32909.6875
Laredo,TX,Texas,14.4559322,16.30508475,1,18.15932203,12004.50847,958,Texas,7910216.375,196784.58333333334,65110.708333333336,31631.125
Largo,FL,Florida,12.95135135,14.20540541,1,15.47027027,6295.243243,1773,Florida,2673934.6666666665,659149.0,62703.73333333333,48157.333333333336
Las Cruces,NM,New Mexico,12.99259259,14.35925926,1,15.78518519,10845.81481,519,New Mexico,12534935.57142857,27909.928571428572,59034.42857142857,43238.92857142857
Las Vegas,NV,Nevada,12.87419355,14.00193548,1,15.16064516,11298.20645,1773,Nevada,3696203.0615384616,2703.2384615384617,86190.17692307693,43015.39230769231
Lauderhill,FL,Florida,15.03529412,16.48823529,1,17.92941176,11803.58824,3256,Florida,1654490.0,617.2,142016.6,32398.0
Lawrence,KS,Kansas,13.2525,14.78,1,16.3125,12301.5,1110,Kansas,79628713.5,4614060.75,47516.125,47125.625
Lawton,OK,Oklahoma,15.71666667,17.00666667,1,18.20666667,9686.7,441,Oklahoma,23614348.2,37450.0,56810.8,32000.2
Layton,UT,Utah,10.96,12.2,0,13.46,10096.1,1339,Utah,3952907.5,5922.0,157249.0,31025.5
League City,TX,Texas,10.67142857,11.75,0,12.87857143,17903.85714,809,Texas,25114693.333333332,1381990.0,86547.33333333333,58087.333333333336
Lee's Summit,MO,Missouri,10.6,11.86956522,0,13.16521739,11916.47826,601,Missouri,7501173.857142857,549052.2857142857,173804.2857142857,56475.0
Lewisville,TX,Texas,11.24117647,12.42352941,0,13.68529412,8407.941176,1148,Texas,13866514.090909092,1489973.4545454546,116718.86363636363,48688.63636363636
Lexington,KY,Kentucky,13.19404762,14.76666667,1,16.4,10564.39286,439,Kentucky,10348058.333333334,426388.56666666665,61855.566666666666,46507.933333333334
Lincoln,NE,Nebraska,9.973972603,11.24520548,0,12.60273973,10618.28767,1160,Nebraska,5668765.04,107355.72,92956.28,42520.04
Little Rock,AR,Arkansas,12.68113208,13.85283019,0,15.09245283,10954.01887,634,Arkansas,20503384.136363637,548158.8181818182,61708.181818181816,48464.77272727273
Livermore,CA,California,9.80952381,10.87619048,0,12.0047619,11566.85714,1288,California,5034543.666666667,41185.22222222222,173605.33333333334,63855.333333333336
Livonia,MI,Michigan,10.66363636,11.96363636,0,13.30909091,8812.909091,1013,Michigan,3458132.909090909,222.45454545454547,112382.09090909091,55450.181818181816
Long Beach,CA,California,12.2036036,13.30540541,0,14.44324324,12493.42342,3523,California,1130539.8409090908,159245.06818181818,88051.25,51962.795454545456
Longmont,CO,Colorado,10.42,11.52,0,12.68,12938.25,1306,Colorado,10887773.375,659554.25,64811.75,56456.625
Longview,TX,Texas,14.08695652,15.18695652,1,16.3173913,10494.04348,565,Texas,21454330.0,241529.66666666666,68202.66666666667,39238.0
Los Angeles,CA,California,12.00361446,13.26666667,0,14.55803213,11423.41165,3276,California,909813.9561403509,4719.6140350877195,73435.83333333333,48167.978070175435
Louisville,KY,Kentucky,13.53241758,14.86428571,1,16.25274725,9845.967033,905,Kentucky,4488971.056818182,209582.17045454544,96017.30681818182,44461.03409090909
Loveland,CO,Colorado,10.26111111,11.43333333,0,12.63333333,11143.16667,885,Colorado,22652710.125,1960193.125,114135.125,45038.625
Lowell,MA,Massachusetts,14.22962963,15.52222222,1,16.84074074,11835.44444,3149,Massachusetts,1675003.1818181819,88759.81818181818,53477.818181818184,50379.09090909091
Lubbock,TX,Texas,13.23709677,14.75322581,1,16.36451613,11108.37097,741,Texas,18427855.09090909,180104.0909090909,56733.545454545456,41226.90909090909
Lynchburg,VA,Virginia,13.69047619,15.0,1,16.35238095,10795.42857,647,Virginia,23436340.5,353917.125,80540.875,45885.375
Lynn,MA,Massachusetts,13.83333333,14.87083333,1,15.90833333,11291.125,3388,Massachusetts,1210789.2,94477.8,73357.6,52553.0
Lynwood,CA,California,14.82857143,16.4,1,17.95714286,14951.14286,5575,California,1002723.4,0.0,35141.8,29014.2
Macon,GA,Georgia,14.98378378,16.35945946,1,17.82432432,7406.594595,237,Georgia,7010862.125,112371.375,46370.9375,36973.125
Madison,WI,Wisconsin,10.00298507,11.39850746,0,12.86865672,10441.95522,1263,Wisconsin,2792125.3333333335,9364.083333333334,76590.04166666667,47114.875
Manchester,NH,New Hampshire,13.08387097,14.47741935,1,15.91290323,10603.06452,1315,New Hampshire,3018228.1818181816,259459.72727272726,98779.0,46758.36363636364
Manteca,CA,California,13.08947368,14.03684211,1,15.01578947,10594.10526,1498,California,13056093.5,21246.5,53947.125,43591.125
McAllen,TX,Texas,12.12592593,13.67407407,0,15.25185185,14429.85185,841,Texas,5143283.5,0.0,38654.833333333336,40185.666666666664
McKinney,TX,Texas,10.46296296,11.6,0,12.84444444,14567.37037,1148,Texas,22507878.5,210349.2,102184.9,54868.7
Medford,OR,Oregon,15.03636364,16.52727273,1,18.04090909,10213.68182,1243,Oregon,25684173.0,137870.5,105092.375,36864.75
Melbourne,FL,Florida,13.19166667,14.45416667,1,15.75416667,9504.25,727,Florida,7392483.166666667,982328.5,84960.83333333333,42359.166666666664
Memphis,TN,Tennessee,14.96166667,16.49888889,1,18.08888889,10781.38333,792,Tennessee,5661634.421875,156278.265625,42254.0,36668.171875
Menifee,CA,California,11.94,12.96,0,14.004,9302.28,787,California,2261465.5,360152.5,120042.75,55934.25
Merced,CA,California,15.265,16.485,1,17.695,11842.5,1390,California,11894767.545454545,3391.4545454545455,81762.72727272728,37845.818181818184
Meridian,ID,Idaho,10.75,11.93,0,13.2,22527.6,1297,Idaho,11565478.666666666,79357.33333333333,63002.666666666664,50898.666666666664
Mesa,AZ,Arizona,12.11544715,13.34308943,0,14.59105691,10708.02439,1448,Arizona,2853556.063829787,17323.808510638297,78104.76595744681,42715.0
Mesquite,TX,Texas,13.89117647,15.04411765,1,16.22058824,12336.08824,1151,Texas,3709203.0833333335,4142.166666666667,68213.0,34143.083333333336
Miami,FL,Florida,13.6184466,15.04660194,1,16.48543689,11634.15534,5019,Florida,24420841.116666667,1314219.625,70615.475,46637.041666666664
Miami Beach,FL,Florida,10.72258065,11.90645161,0,13.12580645,8494.741935,4461,Florida,745217.6666666666,820840.5833333334,79694.66666666667,47879.833333333336
Miami Gardens,FL,Florida,15.252,16.66,1,18.092,12860.0,2329,Florida,2619205.2,108964.2,45177.6,45079.6
Midland,TX,Texas,11.66153846,12.73461538,0,13.82692308,12822.96154,758,Texas,18147170.46153846,35517.61538461538,137734.76923076922,62506.92307692308
Milpitas,CA,California,8.058823529,8.9,0,9.805882353,11782.47059,2381,California,5380269.6,22073.6,122828.2,72226.6
Milwaukee,WI,Wisconsin,14.60280374,16.13878505,1,17.73971963,8338.658879,2369,Wisconsin,1445006.4320987654,66194.08641975309,61747.01234567901,39003.20987654321
Minneapolis,MN,Minnesota,10.22372881,11.40169492,0,12.68474576,9726.559322,3071,Minnesota,1440757.7358490566,89126.07547169812,93715.71698113208,50253.77358490566
Miramar,FL,Florida,12.65555556,13.67222222,0,14.71666667,20340.16667,1889,Florida,12753549.75,743811.75,96233.125,46839.375
Mission,TX,Texas,13.23529412,14.77058824,1,16.28823529,13598.0,916,Texas,36318601.083333336,139766.91666666666,28180.333333333332,33603.083333333336
Mission Viejo,CA,California,9.228,10.224,0,11.284,11196.6,2058,California,3296494.6,0.0,187964.8,64923.0
Missoula,MT,Montana,11.11666667,12.64444444,0,14.23888889,11131.33333,845,Montana,14810677.0,116660.33333333333,66112.77777777778,46754.22222222222
Missouri City,TX,Texas,10.325,11.405,0,12.57,10103.7,1003,Texas,12212527.75,511528.25,84875.0,57840.0
Mobile,AL,Alabama,15.30649351,16.78701299,1,18.31688312,7600.87013,522,Alabama,19047708.4,3902662.533333333,57038.03333333333,43049.833333333336
Modesto,CA,California,14.38125,15.55833333,1,16.72916667,12572.70833,1933,California,4778657.285714285,167180.7619047619,105321.47619047618,41283.57142857143
Montgomery,AL,Alabama,14.85,16.38064516,1,17.9483871,9955.822581,479,Alabama,9204465.476190476,289517.04761904763,91560.57142857143,40846.19047619047
Moreno Valley,CA,California,14.4,15.49130435,1,16.61956522,12610.76087,1604,California,2040326.142857143,11960.285714285714,83446.42857142857,42165.71428571428
Mt. Pleasant,SC,South Carolina,9.607692308,10.83076923,0,12.17692308,15655.84615,717,South Carolina,12638641.8,3893959.0,156239.8,48482.6
Mount Vernon,NY,New York,12.76818182,13.95454545,1,15.15,9176.181818,5930,New York,494732.5714285714,0.0,47025.142857142855,49157.42857142857
Mountain View,CA,California,8.013636364,8.813636364,0,9.740909091,10098.63636,2664,California,4068949.5,0.0,134245.0,73711.66666666667
Muncie,IN,Indiana,16.74615385,18.65769231,1,20.55,8085.038462,958,Indiana,11819646.4,84879.2,55443.0,31184.6
Murfreesboro,TN,Tennessee,12.68148148,14.2,1,15.76296296,12083.7037,919,Tennessee,19041966.545454547,38961.0,102936.90909090909,48774.0
Murrieta,CA,California,11.63888889,12.68333333,0,13.77777778,17242.22222,1335,California,7059610.571428572,3569.5714285714284,93418.28571428571,51399.0
Nampa,ID,Idaho,13.23125,14.4625,1,15.7125,15291.375,1167,Idaho,66067757.125,1726133.125,103551.75,38093.625
Napa,CA,California,11.3375,12.5125,0,13.72916667,9612.333333,1679,California,51608169.18181818,6728204.545454546,157584.0909090909,66497.54545454546
Naperville,IL,Illinois,8.392105263,9.421052632,0,10.64473684,11198.52632,1476,Illinois,5664650.588235294,84186.17647058824,173210.17647058822,68433.29411764706
Nashua,NH,New Hampshire,11.515,12.815,0,14.15,12974.1,1118,New Hampshire,4097304.3333333335,179002.22222222222,84529.22222222222,49771.444444444445
Nashville,TN,Tennessee,12.88924051,14.29936709,1,15.77405063,11415.60759,544,Tennessee,4611118.822222223,128506.57777777778,86660.6,44835.73333333333
New Bedford,MA,Massachusetts,16.4030303,17.77272727,1,19.16666667,8642.909091,1840,Massachusetts,1441403.8461538462,80647.69230769231,35156.61538461538,39873.846153846156
New Britain,CT,Connecticut,14.69565217,15.86086957,1,17.06521739,9548.608696,2095,Connecticut,1459997.5,10592.5,63490.5,33108.25
New Haven,CT,Connecticut,13.27575758,14.56969697,1,15.93939394,11798.09091,2690,Connecticut,1619689.9333333333,119644.66666666667,75186.8,49822.53333333333
New Orleans,LA,Louisiana,14.6137931,16.26206897,1,17.98505747,5928.005747,889,Louisiana,1706461.621212121,208068.95454545456,47154.969696969696,43040.378787878784
New Rochelle,NY,New York,11.17647059,12.20588235,0,13.3,13599.17647,2930,New York,1661478.4285714286,79930.57142857143,109087.85714285714,65324.71428571428
New York,NY,New York,11.86753185,13.12770175,0,14.45700802,11573.87588,10715,New York,195137.85517241378,117997.10344827586,100340.43448275862,62431.45517241379
Newark,NJ,New Jersey,15.80674157,17.25280899,1,18.71573034,9341.797753,4509,New Jersey,617161.4285714285,25188.89285714286,39936.392857142855,35134.75
Newport Beach,CA,California,8.147826087,9.065217391,0,10.12608696,11109.91304,1370,California,11653249.0,145012.0,86169.0,71003.0
Newport News,VA,Virginia,13.16956522,14.34782609,1,15.55434783,11786.02174,1002,Virginia,4173451.6470588236,3816012.9411764704,83365.5294117647,38825.58823529412
Newton,MA,Massachusetts,8.35,9.265,0,10.36,12771.9,1914,Massachusetts,1285402.0,24128.0,300000.0,69411.0
Norfolk,VA,Virginia,13.34556962,14.67848101,1,16.05822785,9220.291139,1759,Virginia,1529049.7037037036,428013.3703703704,73373.81481481482,41977.666666666664
Norman,OK,Oklahoma,14.07333333,15.72,1,17.38333333,11091.73333,269,Oklahoma,22409347.0,1700947.5833333333,84925.0,45152.666666666664
North Charleston,SC,South Carolina,15.47666667,16.87666667,1,18.23666667,9745.533333,574,South Carolina,5578201.333333333,281352.44444444444,48213.666666666664,40944.0
North Las Vegas,NV,Nevada,14.27884615,15.44038462,1,16.6,12516.98077,992,Nevada,2078793.0,0.0,46264.230769230766,36796.0
Norwalk,CA,California,10.54680851,11.57234043,0,12.64893617,12201.19149,4133,California,1329176.6666666667,16353.666666666666,112916.33333333333,40548.88888888889
O'Fallon,MO,Missouri,10.85909091,12.16363636,0,13.5,10817.18182,1149,Missouri,12427271.0,0.0,111008.5,49893.833333333336
Oakland,CA,California,11.47894737,12.51052632,0,13.61578947,10281.87719,2991,California,2744910.5789473685,36306.491228070176,87993.35087719298,52918.94736842105
Oceanside,CA,California,11.225,12.29444444,0,13.40833333,13923.83333,1644,California,3659493.846153846,82725.15384615384,53834.307692307695,48231.0
Odessa,TX,Texas,12.76923077,13.86923077,0,15.03076923,11531.53846,1052,Texas,164543473.15384614,794924.0,133902.53846153847,49961.692307692305
Ogden,UT,Utah,14.29615385,15.62692308,1,16.95769231,9554.692308,1230,Utah,5105386.714285715,63595.0,113885.35714285714,44270.142857142855
Oklahoma City,OK,Oklahoma,14.54174312,15.82889908,1,17.15321101,7981.458716,417,Oklahoma,4631772.136363637,40227.28787878788,59865.0,38190.606060606064
Olathe,KS,Kansas,9.413333333,10.56,0,11.80333333,12587.2,880,Kansas,22066290.692307692,287686.0,172197.84615384616,52214.692307692305
Omaha,NE,Nebraska,11.05655172,12.26413793,0,13.52827586,8461.124138,1309,Nebraska,3421830.873015873,52563.47619047619,83962.8253968254,40605.920634920636
Ontario,CA,California,12.81538462,14.05128205,1,15.29230769,12608.79487,1429,California,2960377.0,366.53846153846155,71871.69230769231,43131.307692307695
Orange,CA,California,10.44166667,11.53611111,0,12.68333333,11368.0,2086,California,2375542.0833333335,43761.0,100843.75,60467.416666666664
Orem,UT,Utah,10.724,12.072,0,13.492,10598.24,2044,Utah,1878900.125,0.0,107523.5,44377.625
Orlando,FL,Florida,13.23,14.51375,1,15.8475,8935.825,1003,Florida,12345092.282608695,636812.7608695652,52459.63043478261,44294.67391304348
Overland Park,KS,Kansas,7.882,8.86,0,9.97,10401.7,1003,Kansas,11525356.5,150637.75,124774.75,65653.375
Oxnard,CA,California,13.53414634,14.98780488,1,16.4195122,14480.41463,3040,California,2994521.6428571427,12619.42857142857,79347.07142857143,47765.57142857143
Palatine,IL,Illinois,9.217647059,10.29411765,0,11.45882353,12098.29412,1916,Illinois,3970178.8333333335,18581.0,233137.0,63550.5
Palm Bay,FL,Florida,13.87222222,14.95555556,1,16.08888889,17198.33333,456,Florida,17901348.625,6788962.375,43632.375,44195.75
Palm Coast,FL,Florida,12.75882353,13.84705882,0,14.95882353,13266.94118,364,Florida,9642863.666666666,26339088.0,38276.833333333336,40020.833333333336
Palmdale,CA,California,14.13611111,15.26666667,1,16.425,12726.47222,564,California,4650098.555555556,12934.444444444445,46988.77777777778,44111.444444444445
Parma,OH,Ohio,12.52083333,13.68333333,0,14.875,10200.125,1506,Ohio,1863261.8181818181,2946.909090909091,91830.81818181818,40986.454545454544
Pasadena,CA,California,11.68630137,12.72739726,0,13.82328767,11759.0411,2371,California,1932065.5,4276.6875,108683.5,62020.0625
Passaic,NJ,New Jersey,16.325,17.8875,1,19.425,13083.9375,8590,New Jersey,548321.8,4254.6,83688.4,44386.4
Paterson,NJ,New Jersey,16.69142857,17.91428571,1,19.16285714,12531.34286,6665,New Jersey,765212.2941176471,30501.529411764706,51711.17647058824,39484.94117647059
Pawtucket,RI,Rhode Island,15.62173913,16.86086957,1,18.0826087,9280.173913,3212,Rhode Island,1084918.2222222222,28124.444444444445,125738.66666666667,48703.11111111111
Pearland,TX,Texas,10.13529412,11.07058824,0,12.07647059,16103.29412,981,Texas,13116883.5,8545.25,134362.25,58133.25
Pembroke Pines,FL,Florida,10.92903226,11.80322581,0,12.70967742,14975.41935,2051,Florida,2940113.75,160340.0,89063.25,44704.375
Peoria,AZ,Arizona,12.12289157,13.31566265,0,14.52048193,9724.349398,386,Arizona,3343539.3529411764,3246.470588235294,80397.05882352941,42783.41176470588
Perris,CA,California,15.3,16.51666667,1,17.775,17092.66667,970,California,24324655.0,100492.0,49798.5,42085.5
Pharr,TX,Texas,13.86363636,15.52727273,1,17.18181818,19200.0,1292,Texas,9211185.75,0.0,31762.25,35530.75
Philadelphia,PA,Pennsylvania,14.69761905,16.16878307,1,17.70714286,12111.01058,4554,Pennsylvania,849168.0344827586,42202.75862068965,66293.7643678161,41591.3908045977
Phoenix,AZ,Arizona,13.14804469,14.45586592,1,15.79581006,12114.16201,1253,Arizona,11138463.416,63563.712,64688.736,41722.84
Pittsburgh,PA,Pennsylvania,12.90542636,14.39689922,1,15.98372093,7108.55814,2093,Pennsylvania,2643614.7802197803,48412.46153846154,80147.14285714286,49797.89010989011
Plano,TX,Texas,9.078333333,10.08333333,0,11.19666667,12992.05,1549,Texas,3218540.0416666665,17557.083333333332,147311.125,58290.75
Plantation,FL,Florida,11.44090909,12.42272727,0,13.45454545,11584.77273,1685,Florida,2548477.375,27475.75,121995.875,43318.875
Pleasanton,CA,California,8.06875,8.9125,0,9.89375,13178.4375,1307,California,15487254.0,0.0,151141.0,78800.0
Plymouth,MN,Minnesota,7.470588235,8.370588235,0,9.376470588,12454.58824,941,Minnesota,3736741.0,807214.0,69570.66666666667,65264.833333333336
Pomona,CA,California,12.93714286,14.28,1,15.60571429,12776.4,2548,California,1605779.1818181819,1118.3636363636363,73233.63636363637,43848.181818181816
Pompano Beach,FL,Florida,13.33571429,14.50357143,1,15.68928571,10697.67857,1802,Florida,2682757.5,63730.3,46169.8,49338.5
Port St. Lucie,FL,Florida,13.16521739,14.2173913,1,15.26521739,21468.73913,653,Florida,112474847.66666667,807690.0,79784.66666666667,43543.333333333336
Portland,ME,Maine,12.21525424,13.56610169,0,15.03841808,11015.81356,1185,Maine,2416950.0,265275.0,47309.42857142857,56055.42857142857
Portsmouth,VA,Virginia,13.47878788,14.82727273,1,16.16969697,8685.0,1094,Virginia,3198433.090909091,329800.36363636365,42045.63636363636,35099.09090909091
Providence,RI,Rhode Island,15.61707317,17.05365854,1,18.51219512,13027.46341,3773,Rhode Island,1289293.0,101140.0,92500.31578947368,40462.05263157895
Provo,UT,Utah,12.51333333,14.62666667,1,16.59666667,11248.6,1080,Utah,3177773.0,0.0,60890.3,37093.1
Pueblo,CO,Colorado,13.7025,14.845,1,15.9975,7994.375,789,Colorado,3070884.6,68950.73333333334,90556.4,35783.333333333336
Quincy,MA,Massachusetts,10.89545455,12.09545455,0,13.35454545,12582.40909,2200,Massachusetts,5591012.0,3756625.7,101575.5,58470.1
Racine,WI,Wisconsin,12.75416667,13.76666667,0,14.78333333,9856.791667,1915,Wisconsin,4230178.692307692,736696.7692307692,87149.61538461539,42783.07692307692
Raleigh,NC,North Carolina,10.79680851,12.06808511,0,13.50106383,12889.20213,1254,North Carolina,7859345.921052632,108729.86842105263,95246.65789473684,49382.65789473684
Rancho Cucamonga,CA,California,10.9516129,11.87741935,0,12.83225806,15993.77419,1709,California,4161833.8,689.4,59902.0,53485.8
Rapid City,SD,South Dakota,10.27142857,11.31428571,0,12.4047619,9707.857143,546,South Dakota,66896198.375,214018.875,79828.375,44047.5
Reading,PA,Pennsylvania,18.08965517,19.42413793,1,20.77931034,9111.931034,3466,Pennsylvania,5950449.125,88690.125,74863.8125,44871.1875
Redding,CA,California,12.77931034,14.06551724,1,15.4,9294.275862,599,California,10057194.2,650149.6,44433.1,49421.0
Redlands,CA,California,10.95789474,12.18421053,0,13.50526316,10854.78947,770,California,7601589.875,2831.0,98811.25,58508.375
Redondo Beach,CA,California,8.533333333,9.406666667,0,10.38,13349.6,4158,California,1252803.5714285714,277709.85714285716,187587.14285714287,69895.14285714286
Redwood City,CA,California,9.927272727,10.91818182,0,11.98181818,10473.54545,1721,California,2210803.888888889,0.0,115783.66666666667,68117.22222222222
Reno,NV,Nevada,12.7826087,14.05652174,1,15.37101449,9791.73913,907,Nevada,12256841.148148147,209550.40740740742,74383.4074074074,44449.666666666664
Renton,WA,Washington,11.28846154,12.26538462,0,13.29230769,10490.0,1676,Washington,3972561.6153846155,11684.0,104815.23076923077,55137.46153846154
Rialto,CA,California,13.78387097,15.01612903,1,16.28387097,9597.193548,1665,California,7883929.428571428,250746.42857142858,54083.71428571428,43595.42857142857
Richardson,TX,Texas,9.723076923,10.79230769,0,11.94230769,11448.30769,1639,Texas,2978099.777777778,3289.222222222222,146801.88888888888,51468.88888888889
Richmond,CA,California,12.99479167,14.3625,1,15.815625,9621.125,1420,California,3413783.5555555555,1219084.4444444445,109158.33333333333,47075.88888888889
Rio Rancho,NM,New Mexico,12.5,13.51111111,0,14.56666667,14586.27778,370,New Mexico,36534985.0,84505.5,108392.83333333333,58086.333333333336
Riverside,CA,California,13.26666667,14.47083333,1,15.7125,12660.5,1574,California,4576321.838709678,22586.548387096773,95226.64516129032,44866.06451612903
Roanoke,VA,Virginia,13.896,15.136,1,16.436,11643.84,900,Virginia,10975919.0,61115.5,129359.78571428571,45291.71428571428
Rochester,MN,Minnesota,14.67767857,15.99107143,1,17.38125,8499.276786,831,Minnesota,31075097.714285713,177687.42857142858,138477.64285714287,50119.142857142855
Rochester Hills,MI,Michigan,9.695454545,10.85,0,12.05454545,9681.136364,877,Michigan,4109528.888888889,120504.11111111111,99036.11111111111,57448.666666666664
Rock Hill,SC,South Carolina,14.07916667,15.55,1,17.04166667,8269.25,750,South Carolina,37249101.7,862302.7,45369.9,46179.8
Rockford,IL,Illinois,14.11272727,15.27090909,1,16.44363636,8337.963636,873,Illinois,6328505.52,113981.8,68497.16,41956.48
Roseville,CA,California,10.20322581,11.31935484,0,12.50967742,11495.48387,1239,California,3491422.090909091,306.0,118634.27272727272,63012.27272727273
Roswell,GA,Georgia,9.03,10.06,0,11.175,13251.9,898,Georgia,6590431.0,170414.5,91091.0,63321.5
Round Rock,TX,Texas,11.04230769,12.18076923,0,13.38846154,11524.69231,1421,Texas,5024729.428571428,39931.42857142857,175812.14285714287,46537.57142857143
Sacramento,CA,California,12.95726496,13.97008547,1,15.01196581,11960.26496,2029,California,7702247.666666667,146763.15151515152,90192.5,46426.90909090909
Salem,OR,Oregon,14.19487179,15.57948718,1,17.01025641,11894.46154,1382,Oregon,18662187.0,202800.07692307694,48855.307692307695,44413.153846153844
Salinas,CA,California,14.18823529,15.61764706,1,17.03235294,13274.0,2562,California,50814091.333333336,467253.1666666667,122695.75,48131.833333333336
Salt Lake City,UT,Utah,10.95535714,12.19285714,0,13.52857143,9987.392857,699,Utah,4834656.571428572,146.8,105993.0,54216.514285714286
San Angelo,TX,Texas,12.275,13.41666667,0,14.5125,11649.91667,653,Texas,170910255.25,3116247.6666666665,84929.58333333333,40504.083333333336
San Antonio,TX,Texas,12.64249201,13.82683706,0,15.03482428,12721.88179,1231,Texas,11257128.607407408,285348.4666666667,76895.44444444444,42632.8962962963
San Bernardino,CA,California,15.8,17.00535714,1,18.23214286,11245.78571,1341,California,2867509.0625,26804.1875,53289.9375,35360.0
Ventura,CA,California,11.06538462,12.12692308,0,13.23461538,12280.0,1925,California,3728539.4444444445,202143.88888888888,84752.44444444444,52287.11111111111
San Diego,CA,California,10.56006944,11.68298611,0,12.87291667,13618.20139,1686,California,2791242.5922330096,30910.631067961163,110044.73786407767,55298.49514563107
San Francisco,CA,California,9.329441624,10.28172589,0,11.37614213,12262.46193,7256,California,651063.5324675324,121980.22077922078,109217.58441558441,71959.81818181818
San Jose,CA,California,9.614883721,10.60418605,0,11.65255814,13198.42791,2218,California,2654089.520547945,440.67123287671234,139497.61643835617,62848.57534246575
San Leandro,CA,California,10.53333333,11.33333333,0,12.11904762,12135.28571,2570,California,1979348.8333333333,0.0,94280.16666666667,58017.333333333336
San Marcos,CA,California,11.075,12.165,0,13.31,12567.15,1532,California,3426191.5,0.0,53125.5,46861.5
San Mateo,CA,California,9.003571429,9.878571429,0,10.81428571,10415.03571,3312,California,1534493.4,0.0,195096.6,72098.9
San Ramon,CA,California,7.911764706,8.758823529,0,9.747058824,12729.17647,1570,California,19275921.4,709527.0,141478.2,74368.2
Sandy,UT,Utah,9.822222222,11.06296296,0,12.33703704,9715.814815,1544,Utah,6573028.181818182,3945.909090909091,159835.63636363635,56725.27272727273
Sandy Springs,GA,Georgia,8.903846154,9.819230769,0,10.84230769,10828.57692,1122,Georgia,3594716.0,308754.0,53254.0,46652.0
Santa Ana,CA,California,13.32063492,14.72857143,1,16.13333333,15453.71429,4689,California,1819988.7391304348,19869.869565217392,102493.95652173914,51263.608695652176
Santa Barbara,CA,California,9.911538462,11.01923077,0,12.23461538,10201.15385,1808,California,4057471.5714285714,67201.64285714286,136623.85714285713,65113.0
Santa Clara,CA,California,8.523076923,9.376923077,0,10.34230769,13438.5,2761,California,1514708.7272727273,0.0,179375.0,71592.18181818182
Santa Clarita,CA,California,10.33469388,11.39183673,0,12.50204082,10794.69388,1162,California,2617891.0,0.0,86748.0,56957.0
Santa Fe,NM,New Mexico,10.58333333,11.71666667,0,12.98666667,6791.433333,625,New Mexico,101365029.64285715,90189.42857142857,50775.92857142857,54731.92857142857
Santa Maria,CA,California,13.785,15.235,1,16.61,14932.6,1815,California,53751151.88888889,288521.55555555556,107414.66666666667,46514.77777777778
Santa Monica,CA,California,8.79047619,9.704761905,0,10.77619048,12819.42857,4147,California,1385402.8,45099.1,149791.9,76405.4
Santa Rosa,CA,California,11.78421053,12.90263158,0,14.06578947,13248.55263,1605,California,13449332.555555556,32089.38888888889,76981.94444444444,50681.72222222222
Savannah,GA,Georgia,13.26470588,14.7,1,16.20784314,8015.176471,536,Georgia,9230179.6,1194760.4,72294.48,41186.68
Schaumburg,IL,Illinois,8.859259259,9.914814815,0,11.0962963,8246.518519,1457,Illinois,9641566.714285715,56489.857142857145,112676.28571428571,55039.28571428572
Schenectady,NY,New York,15.09090909,16.38636364,1,17.69545455,9018.409091,2335,New York,5612596.0,33777.333333333336,118136.8,46881.333333333336
Scottsdale,AZ,Arizona,8.70952381,9.776190476,0,10.97301587,10350.95238,541,Arizona,21912500.38095238,386197.4761904762,98693.28571428571,57936.142857142855
Scranton,PA,Pennsylvania,14.75517241,16.29310345,1,17.8137931,7871.275862,1169,Pennsylvania,2004600.6153846155,0.0,63534.07692307692,40307.307692307695
Seattle,WA,Washington,10.37794118,11.46470588,0,12.69485294,13426.32353,3469,Washington,1595350.2307692308,4168316.3846153845,105755.8,58932.81538461539
Shreveport,LA,Louisiana,16.04590164,17.63442623,1,19.25409836,9801.852459,672,Louisiana,15051047.75,214555.875,60883.583333333336,40456.583333333336
Simi Valley,CA,California,11.04285714,12.04642857,0,13.09285714,13310.71429,1167,California,8519673.545454545,110600.45454545454,192258.36363636365,62842.27272727273
Sioux City,IA,Iowa,12.71666667,13.82083333,0,14.9625,10335.25,545,Iowa,7583591.090909091,74135.81818181818,139370.0909090909,39113.818181818184
Sioux Falls,SD,South Dakota,9.653846154,10.80769231,0,12.02307692,11836.23077,907,South Dakota,8228701.466666667,40150.53333333333,107628.6,44387.666666666664
Somerville,MA,Massachusetts,10.37,11.66,0,13.24,11363.1,7619,Massachusetts,748288.2222222222,4251.444444444444,120159.11111111111,58991.88888888889
South Bend,IN,Indiana,15.48478261,16.81521739,1,18.19782609,6597.891304,938,Indiana,15574015.045454545,239646.36363636365,76149.0,39093.954545454544
South Gate,CA,California,13.59545455,15.27727273,1,16.90909091,12872.18182,4985,California,3037911.25,37838.125,72495.125,40997.0
Southfield,MI,Michigan,11.26,12.384,0,13.572,8608.68,1068,Michigan,3279903.777777778,1646.0,118724.11111111111,51036.666666666664
Sparks,NV,Nevada,12.876,14.044,1,15.216,10830.32,1131,Nevada,58865220.307692304,185102.53846153847,112890.23076923077,39269.846153846156
Spokane,WA,Washington,13.49152542,14.86949153,1,16.32033898,10622.55932,1247,Washington,4520812.214285715,27569.464285714286,84426.71428571429,41489.357142857145
Spokane Valley,WA,Washington,12.92592593,14.21111111,1,15.53703704,9972.777778,1034,Washington,26712727.85714286,185269.14285714287,79916.28571428571,43209.0
Springdale,AR,Arkansas,14.36111111,15.62777778,1,16.92222222,11632.83333,668,Arkansas,41613097.333333336,425702.1666666667,49615.0,47704.5
Springfield,IL,Illinois,14.56911765,16.00808824,1,17.48823529,9458.286765,723,Illinois,9875328.647058824,31451.647058823528,45766.94117647059,45204.64705882353
St. George,UT,Utah,11.32666667,12.46666667,0,13.72,14578.53333,449,Utah,22760134.0,0.0,39302.0,54506.0
St. Joseph,MO,Missouri,14.66923077,16.02307692,1,17.37307692,8859.230769,656,Missouri,16696262.8,311916.6,63986.7,36676.5
St. Louis,MO,Missouri,14.22962963,15.725,1,17.31944444,8869.277778,1879,Missouri,3285339.735632184,126013.7816091954,56933.666666666664,43386.55172413793
St. Paul,MN,Minnesota,11.60843373,12.74698795,0,13.9746988,10303.66265,2288,Minnesota,1504947.0,200784.0,26046.0,38762.0
St. Petersburg,FL,Florida,12.89014085,14.14788732,1,15.45774648,10341.5493,1656,Florida,2240630.25,3270965.875,64742.0625,39043.75
Stamford,CT,Connecticut,9.003703704,9.881481481,0,10.82962963,13627.0,1330,Connecticut,12701061.363636363,3719340.4545454546,151671.54545454544,68191.45454545454
Sterling Heights,MI,Michigan,13.02142857,14.46785714,1,15.93214286,13895.85714,1403,Michigan,11002870.923076924,89394.38461538461,94355.15384615384,43609.230769230766
Stockton,CA,California,14.24507042,15.3084507,1,16.37183099,12325.09859,1941,California,5966819.307692308,77180.15384615384,65162.0,44776.96153846154
Suffolk,VA,Virginia,12.06333333,13.18666667,0,14.33,8458.5,89,Virginia,31622514.8,4994322.8,70462.8,38118.0
Sugar Land,TX,Texas,8.145,9.05,0,10.05,11820.45,1130,Texas,8627470.0,404759.77777777775,173061.66666666666,66399.11111111111
Sunnyvale,CA,California,7.532258065,8.290322581,0,9.164516129,13555.3871,2676,California,1648875.1,0.0,132776.0,72518.8
Sunrise,FL,Florida,12.30434783,13.30434783,0,14.33478261,11013.78261,2270,Florida,3702456.4285714286,405228.28571428574,87226.85714285714,51933.71428571428
Surprise,AZ,Arizona,10.61666667,11.76333333,0,12.94,11751.43333,506,Arizona,8052292.6,9213.2,89782.46666666666,46034.53333333333
Syracuse,NY,New York,16.3877193,18.01754386,1,19.7,7640.491228,2195,New York,2936128.75,4636.958333333333,69047.04166666667,41363.25
Tacoma,WA,Washington,13.91509434,15.08490566,1,16.28867925,11229.50943,1690,Washington,3870506.03125,544477.59375,78267.0,46290.34375
Tallahassee,FL,Florida,13.66101695,15.47457627,1,17.39152542,9221.881356,747,Florida,34618337.333333336,1637051.3333333333,107240.20833333333,48044.583333333336
Tampa,FL,Florida,14.07363636,15.42545455,1,16.84272727,9154.790909,1353,Florida,4037100.6025641025,319854.73076923075,76252.21794871795,44836.0
Temecula,CA,California,11.44166667,12.49583333,0,13.60416667,12512.125,1188,California,41027206.25,23702.5,104545.125,54983.25
Tempe,AZ,Arizona,11.82195122,13.33414634,0,14.87804878,11833.09756,1891,Arizona,2849067.8125,32452.0625,56220.0,45358.875
Thornton,CO,Colorado,11.54117647,12.76176471,0,14.00882353,10479.61765,1521,Colorado,3933880.888888889,90451.33333333333,148375.22222222222,45796.11111111111
Thousand Oaks,CA,California,9.48,10.6,0,11.77333333,12668.06667,885,California,2000261.2,0.0,116625.2,62292.0
Toledo,OH,Ohio,15.93168317,17.34851485,1,18.76633663,8530.930693,1308,Ohio,2547541.5853658537,482800.9756097561,54879.26829268293,34243.26829268293
Topeka,KS,Kansas,12.0275,13.0225,0,14.045,9560.05,787,Kansas,15160476.705882354,503414.5882352941,104877.35294117648,45861.294117647056
Torrance,CA,California,8.428125,9.184375,0,9.99375,13634.8125,2701,California,2002540.7894736843,7213.263157894737,135338.15789473685,58854.78947368421
Tracy,CA,California,12.225,13.05,0,13.9125,15545.9375,1412,California,68018761.375,63452.375,73754.125,55786.875
Trenton,NJ,New Jersey,16.74814815,18.11481481,1,19.48148148,9434.777778,4238,New Jersey,1521553.75,99181.25,67340.75,42653.833333333336
Troy,MI,Michigan,8.9,9.945833333,0,11.1125,10122.5,970,Michigan,4353043.5,55916.333333333336,115221.33333333333,59850.0
Tucson,AZ,Arizona,13.13450704,14.39929577,1,15.7028169,10987.90845,889,Arizona,10572438.807692308,6869.102564102564,68407.41025641025,40973.833333333336
Tulsa,OK,Oklahoma,14.88106061,16.19545455,1,17.56666667,8906.325758,784,Oklahoma,6943306.318181818,75771.90909090909,56594.34090909091,44637.63636363636
Turlock,CA,California,13.88235294,15.04705882,1,16.25882353,12096.88235,1679,California,2494287.4285714286,0.0,76834.42857142857,44482.71428571428
Tuscaloosa,AL,Alabama,15.23888889,17.33333333,1,19.34722222,7538.138889,631,Alabama,25905525.222222224,3483964.6666666665,70280.11111111111,45782.666666666664
Tustin,CA,California,10.535,11.6,0,12.69,11327.25,2755,California,2362978.3,0.0,182338.0,58446.0
Tyler,TX,Texas,13.42758621,14.67931034,1,15.96206897,10024.10345,718,Texas,13019505.8,149510.8,33631.8,36480.2
Union City,CA,California,11.44736842,12.64210526,0,13.87105263,10734.55263,1474,California,2378491.75,0.0,190940.75,67564.75
Upland,CA,California,11.06315789,11.95789474,0,12.85789474,11641.89474,1907,California,2995989.1666666665,69294.5,142180.16666666666,55736.833333333336
Vacaville,CA,California,11.60454545,12.59090909,0,13.6,12603.31818,1330,California,28233743.4,127543.6,110327.0,62608.0
Vallejo,CA,California,11.84,12.62571429,0,13.44,9937.885714,1524,California,4379431.928571428,4448013.714285715,123516.5,48341.28571428572
Vancouver,WA,Washington,12.82244898,14.15510204,1,15.53061224,9904.77551,1461,Washington,5093069.518518519,71649.0,101635.37037037036,47734.851851851854
Victorville,CA,California,14.15238095,15.22380952,1,16.33333333,16557.33333,641,California,10707053.57142857,177334.2857142857,79752.71428571429,41359.142857142855
Virginia Beach,VA,Virginia,10.7980198,11.88910891,0,13.0019802,13009.72277,709,Virginia,3793468.65,12596743.725,114946.275,48604.575
Visalia,CA,California,13.4173913,14.57391304,1,15.73043478,16231.52174,1370,California,10690248.153846154,12160.692307692309,80110.07692307692,43601.0
Vista,CA,California,12.23214286,13.39285714,0,14.61071429,10052.64286,2093,California,2827072.625,0.0,64028.875,50568.625
Waco,TX,Texas,14.91891892,16.33513514,1,17.78648649,10118.37838,605,Texas,7296061.25,452367.375,67087.625,29986.0
Warner Robins,GA,Georgia,13.30952381,14.36190476,1,15.42380952,9512.571429,805,Georgia,27986935.333333332,277246.8333333333,126728.0,37471.0
Warren,MI,Michigan,15.07954545,16.39090909,1,17.72727273,9139.363636,1505,Michigan,2129870.388888889,5790.222222222223,66901.11111111111,39860.27777777778
Warwick,RI,Rhode Island,13.03478261,14.47826087,1,15.95217391,10783.17391,893,Rhode Island,4550728.444444444,2119757.888888889,88943.55555555556,53373.11111111111
Washington,DC,District of C,10.47611111,11.75611111,0,13.23166667,10028.53333,4457,District of Columbia,3436645.285714286,338648.1111111111,94747.58730158731,62785.36507936508
Waterbury,CT,Connecticut,15.09333333,16.09666667,1,17.11666667,11036.6,1456,Connecticut,2357685.2,30630.2,63470.7,38012.6
Waterloo,IA,Iowa,12.21071429,13.35357143,0,14.525,7328.071429,423,Iowa,36215677.625,262417.625,49727.25,39483.75
Waukegan,IL,Illinois,13.45555556,14.54814815,1,15.68148148,9896.592593,1370,Illinois,1814601.7142857143,251772.2857142857,109258.0,35953.28571428572
Waukesha,WI,Wisconsin,10.35909091,11.55909091,0,12.81818182,9643.318182,1093,Wisconsin,11285784.636363637,184912.18181818182,129297.0,48875.90909090909
West Covina,CA,California,9.632352941,10.51470588,0,11.43235294,9361.588235,2529,California,3532125.8,7829.1,124947.0,53600.4
West Jordan,UT,Utah,11.59166667,12.80833333,0,14.0875,12964.0,1391,Utah,3058488.8571428573,0.0,129631.85714285714,47251.57142857143
West Palm Beach,FL,Florida,13.178125,14.428125,1,15.715625,9365.75,803,Florida,3147687.964285714,322745.1785714286,55515.53571428572,44522.03571428572
West Valley City,UT,Utah,13.28571429,14.38928571,1,15.50357143,13872.78571,1472,Utah,8472351.555555556,2129.222222222222,113276.11111111111,41689.666666666664
Westland,MI,Michigan,13.752,15.016,1,16.304,10091.28,1540,Michigan,2554027.375,1348.125,67329.125,40569.875
Westminster,CA,California,10.6440678,11.70169492,0,12.80847458,9956.661017,3486,California,1621959.6666666667,0.0,56618.5,52553.166666666664
Whittier,CA,California,10.804,11.748,0,12.744,10239.72,2242,California,2069959.875,3054.375,74785.125,52806.25
Wichita,KS,Kansas,12.99444444,14.1787037,1,15.40277778,10620.26852,931,Kansas,6456862.840909091,134037.27272727274,67845.68181818182,40448.795454545456
Wichita Falls,TX,Texas,14.04242424,15.27575758,1,16.48787879,9504.818182,561,Texas,26937756.933333334,429587.06666666665,61753.8,42022.86666666667
Wilmington,DE,Delaware,14.15614035,15.60175439,1,17.08596491,9331.947368,2484,Delaware,2838983.4,74827.96,96333.68,50686.12
Winston-Salem,NC,North Carolina,13.32857143,14.58714286,1,15.92857143,9839.185714,721,North Carolina,15020365.125,171374.0,67227.0,37314.25
Worcester,MA,Massachusetts,14.6326087,16.00434783,1,17.38043478,11807.28261,1916,Massachusetts,2425412.6,52659.95,94722.95,45889.7
Wyoming,MI,Michigan,14.56875,15.79375,1,17.04375,13523.1875,1186,Michigan,5433852.0,82396.0,146328.6,36278.0
Yakima,WA,Washington,14.86190476,16.16190476,1,17.45714286,13005.7619,1300,Washington,12764892.454545455,176583.54545454544,65828.54545454546,37334.181818181816
Yonkers,NY,New York,11.99056604,13.08867925,0,14.21698113,11092.98113,4295,New York,866295.4761904762,67534.38095238095,132785.7142857143,55493.57142857143
Youngstown,OH,Ohio,17.00606061,18.27272727,1,19.58787879,6088.939394,744,Ohio,5308502.529411765,97805.64705882352,77428.05882352941,35756.35294117647
Yuma,AZ,Arizona,12.57096774,13.76451613,0,14.97741935,9004.967742,313,Arizona,23131891.9375,691808.625,72538.4375,37309.75
