,id,city,State_ab,State_name,Low_Confidence_Limit,Data_Value,High_Confidence_Limit,PopulationCount
0,1,Abilene,TX,Texas,13.74102564,15.05384615,16.34615385,9004.692308
1,2,Akron,OH,Ohio,15.93382353,17.22794118,18.56470588,8784.176471
2,3,Alameda,CA,California,9.211111111,10.08333333,11.03333333,12302.0
3,4,Albany,GA,Georgia,14.45636364,15.96181818,17.50909091,9561.272727
4,5,Albuquerque,NM,New Mexico,12.92086331,14.15323741,15.42517986,11780.61151
5,6,Alexandria,VA,Virginia,9.555,10.5525,11.76,10497.45
6,7,Alhambra,CA,California,9.213636364,10.07727273,10.95909091,11330.31818
7,8,Allen,TX,Texas,9.684615385,10.7,11.79230769,19441.38462
8,9,Allentown,PA,Pennsylvania,16.38571429,17.65357143,18.96785714,12646.28571
9,10,Amarillo,TX,Texas,13.40350877,14.60175439,15.81578947,10036.57895
10,11,Anaheim,CA,California,11.78051948,12.92987013,14.0961039,13100.76623
11,12,Anchorage,AK,Alaska,10.54035088,11.52982456,12.5754386,15359.26316
12,13,Ann Arbor,MI,Michigan,10.82857143,12.31142857,13.84857143,9765.4
13,14,Antioch,CA,California,13.11363636,14.01363636,14.91363636,13959.81818
14,15,Apple Valley,CA,California,13.42142857,14.37857143,15.35714286,14812.35714
15,16,Appleton,WI,Wisconsin,10.88076923,12.12307692,13.44230769,8378.692308
16,17,Arlington,TX,Texas,12.66,13.81066667,14.99733333,14617.52
17,18,Arlington Heights,IL,Illinois,8.704166667,9.775,10.98333333,9386.583333
18,19,Arvada,CO,Colorado,9.925714286,11.12285714,12.36571429,9121.885714
19,20,Asheville,NC,North Carolina,11.31935484,12.64193548,14.02903226,8067.903226
20,21,Athens,GA,Georgia,13.78125,15.53125,17.365625,10823.625
21,22,Atlanta,GA,Georgia,11.67424242,13.09318182,14.65530303,9545.424242
22,23,Auburn,WA,Washington,13.4047619,14.59047619,15.79047619,10025.2381
23,24,Augusta,GA,Georgia,14.18367347,15.46122449,16.76734694,11990.44898
24,25,Aurora,CO,Colorado,11.73435115,12.87175573,14.08320611,11976.12214
25,26,Austin,TX,Texas,10.944,12.168,13.513,11855.49
26,27,Avondale,AZ,Arizona,13.09130435,14.15652174,15.25217391,9943.086957
27,28,Bakersfield,CA,California,13.71481481,14.90617284,16.12839506,12868.67901
28,29,Baldwin Park,CA,California,11.785,13.11,14.465,11308.5
29,30,Baltimore,MD,Maryland,14.70746269,16.28159204,17.94079602,9267.965174
30,31,Baton Rouge,LA,Louisiana,15.57121212,17.33787879,19.13939394,10430.42424
31,32,Baytown,TX,Texas,13.435,14.475,15.54,10769.1
32,33,Beaumont,TX,Texas,13.74722222,14.89444444,16.08333333,9858.0
33,34,Beaverton,OR,Oregon,11.24814815,12.49259259,13.86666667,9975.592593
34,35,Bellevue,WA,Washington,8.623333333,9.506666667,10.52,12235.7
35,36,Bellflower,CA,California,12.375,13.26,14.18,11492.4
36,37,Bellingham,WA,Washington,12.35789474,13.96842105,15.57894737,12771.31579
37,38,Bend,OR,Oregon,11.75714286,13.00714286,14.33571429,16422.64286
38,39,Berkeley,CA,California,9.514285714,10.54285714,11.68,9649.714286
39,40,Bethlehem,PA,Pennsylvania,13.685,15.045,16.44,11247.3
40,41,Billings,MT,Montana,11.22758621,12.47241379,13.76206897,10776.10345
41,42,Birmingham,AL,Alabama,14.92826087,16.43804348,18.04891304,6918.673913
42,43,Bloomington,IL,Illinois,11.48732394,12.92112676,14.38450704,10136.49296
43,44,Boca Raton,FL,Florida,9.810344828,10.8862069,12.0862069,8730.206897
44,45,Boise,ID,Idaho,10.54042553,11.81276596,13.16808511,13127.93617
45,46,Bolingbrook,IL,Illinois,10.9,11.83684211,12.82631579,11584.10526
46,47,Boston,MA,Massachusetts,12.912,14.38628571,16.052,10587.09714
47,48,Boulder,CO,Colorado,9.426666667,10.95666667,12.53,9738.5
48,49,Boynton Beach,FL,Florida,12.00769231,13.13076923,14.29615385,7871.192308
49,50,Bridgeport,CT,Connecticut,13.375,14.435,15.515,10817.175
50,51,Brockton,MA,Massachusetts,15.04782609,16.05217391,17.06956522,12236.08696
51,52,Broken Arrow,OK,Oklahoma,12.47692308,13.80512821,15.15384615,7602.205128
52,53,Brooklyn Park,MN,Minnesota,10.11333333,10.88666667,11.68666667,15156.2
53,54,Brownsville,TX,Texas,14.152,15.938,17.676,10500.94
54,55,Bryan,TX,Texas,13.87222222,15.13333333,16.45,12700.16667
55,56,Buena Park,CA,California,11.13,12.025,12.935,12079.5
56,57,Buffalo,NY,New York,15.40123457,16.81481481,18.26666667,9678.148148
57,58,Burbank,CA,California,10.3,11.252,12.24,12400.8
58,59,Burlington,VT,Vermont,12.4,14.53846154,16.77692308,9788.538462
59,60,Cambridge,MA,Massachusetts,9.623529412,10.68529412,11.99411765,9279.0
60,61,Camden,NJ,New Jersey,18.57619048,19.97619048,21.4047619,11049.14286
61,62,Canton,OH,Ohio,16.11785714,17.29642857,18.48928571,7820.392857
62,63,Cape Coral,FL,Florida,12.70322581,13.80967742,14.95483871,14931.74194
63,64,Carlsbad,CA,California,8.463636364,9.495454545,10.72727273,14362.81818
64,65,Carmel,IN,Indiana,8.941176471,10.03529412,11.31176471,13974.88235
65,66,Carrollton,TX,Texas,11.17142857,12.32,13.52,10208.14286
66,67,Carson,CA,California,10.5,11.4047619,12.38571429,13100.0
67,68,Cary,NC,North Carolina,8.573170732,9.604878049,10.83170732,9895.02439
68,69,Cedar Rapids,IA,Iowa,10.62368421,11.84473684,13.08947368,9972.894737
69,70,Centennial,CO,Colorado,8.632432432,9.764864865,11.02702703,8138.108108
70,71,Champaign,IL,Illinois,12.16818182,13.94545455,15.58181818,11050.86364
71,72,Chandler,AZ,Arizona,10.15081967,11.30491803,12.54918033,11611.72131
72,73,Charleston,WV,West Virginia,12.90285714,14.44571429,16.12285714,7348.571429
73,74,Charlotte,NC,North Carolina,11.862,13.1215,14.4785,10971.265
74,75,Chattanooga,TN,Tennessee,14.36346154,15.76346154,17.20769231,9672.0
75,76,Chesapeake,VA,Virginia,11.8744186,13.02325581,14.2372093,15502.95349
76,77,Cheyenne,WY,Wyoming,10.61111111,11.7,12.79444444,9911.0
77,78,Chicago,IL,Illinois,11.97562814,13.35615578,14.85766332,10159.25628
78,79,Chico,CA,California,13.224,15.036,16.856,10342.4
79,80,Chino,CA,California,11.32,12.37,13.42,11697.45
80,81,Chino Hills,CA,California,8.935714286,9.7,10.48571429,16028.35714
81,82,Chula Vista,CA,California,11.15714286,12.18367347,13.25306122,14933.63265
82,83,Cicero,IL,Illinois,13.73333333,15.18333333,16.67222222,13981.83333
83,84,Cincinnati,OH,Ohio,15.01196581,16.62393162,18.32393162,7612.769231
84,85,Citrus Heights,CA,California,12.844,13.956,15.108,9996.12
85,86,Clarksville,TN,Tennessee,14.51388889,15.86666667,17.25277778,11076.61111
86,87,Clearwater,FL,Florida,12.72368421,13.98947368,15.27105263,8501.447368
87,88,Cleveland,OH,Ohio,17.14350282,18.70734463,20.32316384,6725.672316
88,89,Clifton,NJ,New Jersey,11.58888889,12.56111111,13.54444444,14022.66667
89,90,Clovis,CA,California,11.404,12.372,13.38,11475.64
90,91,College Station,TX,Texas,12.56428571,14.96785714,17.45357143,10056.10714
91,92,Colorado Springs,CO,Colorado,11.61238095,12.83809524,14.12666667,11897.52381
92,93,Columbia,SC,South Carolina,13.47888889,15.35111111,17.27444444,7924.911111
93,94,Columbus,OH,Ohio,14.32299652,15.74285714,17.22508711,10211.33449
94,95,Compton,CA,California,14.67419355,16.06451613,17.41935484,9334.354839
95,96,Concord,CA,California,11.68909091,12.82909091,14.00545455,10970.45455
96,97,Coral Springs,FL,Florida,11.85,12.92142857,14.06785714,12974.57143
97,98,Corona,CA,California,12.23783784,13.35405405,14.47027027,12354.64865
98,99,Corpus Christi,TX,Texas,12.47894737,13.56052632,14.65263158,12047.81579
99,100,Costa Mesa,CA,California,11.22592593,12.44814815,13.71851852,12217.7037
100,101,Cranston,RI,Rhode Island,12.32105263,13.55263158,14.86315789,12692.68421
101,102,Dallas,TX,Texas,12.99248366,14.29869281,15.67091503,11742.66993
102,103,Daly City,CA,California,8.663636364,9.45,10.27272727,13789.5
103,104,Danbury,CT,Connecticut,10.95882353,12.0,13.04705882,14275.23529
104,105,Davenport,IA,Iowa,12.03333333,13.15454545,14.32424242,9061.212121
105,106,Davie,FL,Florida,11.56086957,12.64347826,13.75652174,11996.82609
106,107,Dayton,OH,Ohio,16.28474576,17.95762712,19.58644068,7193.440678
107,108,Dearborn,MI,Michigan,15.20769231,16.95,18.73846154,11325.34615
108,109,Decatur,IL,Illinois,13.68064516,14.91612903,16.17741935,7366.645161
109,110,Deerfield Beach,FL,Florida,13.01578947,14.13684211,15.28947368,11844.94737
110,111,Deltona,FL,Florida,14.23157895,15.2,16.16315789,13448.21053
111,112,Denton,TX,Texas,12.75862069,14.33793103,16.0137931,11728.48276
112,113,Denver,CO,Colorado,10.59172414,11.75448276,13.03310345,12417.06207
113,114,Des Moines,IA,Iowa,12.095,13.275,14.49333333,10171.41667
114,115,Detroit,MI,Michigan,17.33639456,18.99217687,20.71564626,7283.234694
115,116,Downey,CA,California,11.02173913,12.10869565,13.24782609,14577.6087
116,117,Duluth,MN,Minnesota,10.92162162,12.38108108,13.87027027,6993.891892
117,118,Durham,NC,North Carolina,12.025,13.29666667,14.65,11415.91667
118,119,Edinburg,TX,Texas,13.34,14.95333333,16.6,15420.0
119,120,Edmond,OK,Oklahoma,11.8125,13.15416667,14.6125,10175.625
120,121,El Cajon,CA,California,13.58333333,14.67666667,15.81333333,9947.8
121,122,El Monte,CA,California,12.565625,13.853125,15.140625,10637.0
122,123,El Paso,TX,Texas,12.30601504,13.69022556,15.11052632,14641.6391
123,124,Elgin,IL,Illinois,11.70740741,12.81111111,13.95555556,12018.85185
124,125,Elizabeth,NJ,New Jersey,15.32857143,16.47142857,17.59285714,13389.53571
125,126,Elk Grove,CA,California,10.7,11.59333333,12.51666667,15301.5
126,127,Erie,PA,Pennsylvania,17.103125,18.575,20.0375,9542.4375
127,128,Escondido,CA,California,12.24857143,13.41714286,14.58857143,12334.74286
128,129,Eugene,OR,Oregon,13.54444444,15.17555556,16.88,10412.15556
129,130,Evanston,IL,Illinois,9.1,10.135,11.305,11172.9
130,131,Evansville,IN,Indiana,16.25813953,17.8255814,19.41627907,8192.232558
131,132,Everett,WA,Washington,12.89285714,14.1,15.30357143,11036.92857
132,133,Fairfield,CA,California,12.35714286,13.25,14.15714286,11283.82143
133,134,Fall River,MA,Massachusetts,16.02592593,17.51481481,19.01481481,9873.0
134,135,Fargo,ND,North Dakota,10.01851852,11.47777778,12.99259259,11727.66667
135,136,Farmington Hills,MI,Michigan,9.533333333,10.51666667,11.6,9967.375
136,137,Fayetteville,AR,Arkansas,13.67681159,15.04492754,16.37971014,11918.37681
137,138,Federal Way,WA,Washington,12.99047619,13.95238095,14.94285714,12757.90476
138,139,Fishers,IN,Indiana,9.472727273,10.60909091,11.91818182,20943.81818
139,140,Flint,MI,Michigan,18.6804878,20.13902439,21.67560976,7494.219512
140,141,Folsom,CA,California,9.433333333,10.45555556,11.59444444,12031.61111
141,142,Fontana,CA,California,13.26216216,14.47837838,15.70810811,15897.48649
142,143,Fort Collins,CO,Colorado,10.61666667,12.2375,13.89583333,8998.208333
143,144,Fort Lauderdale,FL,Florida,12.72307692,13.95961538,15.24807692,9548.769231
144,145,Fort Smith,AR,Arkansas,15.73913043,17.00434783,18.30869565,11244.65217
145,146,Fort Wayne,IN,Indiana,14.87125,16.27125,17.7325,9512.8625
146,147,Fort Worth,TX,Texas,13.53703704,14.74320988,15.9691358,13725.34568
147,148,Fremont,CA,California,7.66,8.391111111,9.213333333,14272.6
148,149,Fresno,CA,California,14.12936508,15.31904762,16.52539683,11777.37302
149,150,Frisco,TX,Texas,8.834285714,9.96,11.25428571,10027.45714
150,151,Fullerton,CA,California,10.48,11.56285714,12.72,11585.22857
151,152,Gainesville,FL,Florida,14.14102564,15.96666667,17.87948718,9565.410256
152,153,Garden Grove,CA,California,11.44090909,12.45227273,13.48409091,11650.84091
153,154,Garland,TX,Texas,13.14,14.272,15.43,13611.44
154,155,Gary,IN,Indiana,16.9,18.4,19.97575758,7299.454545
155,156,Gastonia,NC,North Carolina,14.22258065,15.50322581,16.79032258,6940.935484
156,157,Gilbert,AZ,Arizona,10.22340426,11.42978723,12.70212766,13305.42553
157,158,Glendale,AZ,Arizona,12.25048544,13.40291262,14.59514563,12186.50485
158,159,Grand Prairie,TX,Texas,12.9925,14.0425,15.1075,13153.25
159,160,Grand Rapids,MI,Michigan,13.89444444,15.46666667,17.17407407,10446.66667
160,161,Greeley,CO,Colorado,12.34705882,13.77352941,15.21176471,8193.529412
161,162,Green Bay,WI,Wisconsin,12.334375,13.59375,14.890625,9755.34375
162,163,Greensboro,NC,North Carolina,12.3962963,13.68148148,15.02592593,9987.259259
163,164,Greenville,NC,North Carolina,13.432,15.368,17.264,10146.4
164,165,Gresham,OR,Oregon,15.2,16.45555556,17.75925926,11732.66667
165,166,Gulfport,MS,Mississippi,14.58333333,15.875,17.23333333,8474.125
166,167,Hammond,IN,Indiana,15.38571429,16.48095238,17.61904762,11547.14286
167,168,Hampton,VA,Virginia,12.75714286,13.91428571,15.01714286,11780.22857
168,169,Hartford,CT,Connecticut,15.49047619,16.84761905,18.22380952,8912.5
169,170,Hawthorne,CA,California,12.86521739,14.0173913,15.2,10991.69565
170,171,Hayward,CA,California,11.11052632,11.95,12.80789474,11382.68421
171,172,Hemet,CA,California,14.39166667,15.41666667,16.47916667,9830.791667
172,173,Henderson,NV,Nevada,11.26911765,12.36617647,13.5,11369.72059
173,174,Hesperia,CA,California,14.7,15.73888889,16.8,15028.22222
174,175,Hialeah,FL,Florida,13.38409091,14.86818182,16.37045455,15318.22727
175,176,High Point,NC,North Carolina,13.06285714,14.23714286,15.48285714,8945.542857
176,177,Hillsboro,OR,Oregon,11.91304348,13.16956522,14.47391304,11946.13043
177,178,Hollywood,FL,Florida,12.8,13.86216216,14.94324324,11413.62162
178,179,Honolulu,HI,Hawaii,9.553813559,10.31779661,11.08601695,12116.84322
179,180,Hoover,AL,Alabama,10.34,11.57,12.93,8161.0
180,181,Houston,TX,Texas,12.53032491,13.80631769,15.12743682,11367.52347
181,182,Huntington Beach,CA,California,9.866666667,10.93333333,12.07083333,11874.5
182,183,Huntsville,AL,Alabama,13.575,14.96166667,16.43333333,9003.583333
183,184,Independence,MO,Missouri,13.79333333,15.01,16.22666667,11682.36667
184,185,Indianapolis,IN,Indiana,14.26481481,15.64259259,17.07777778,11395.06944
185,186,Indio,CA,California,13.03181818,14.36818182,15.71363636,10366.77273
186,187,Inglewood,CA,California,12.8030303,14.10909091,15.45757576,9970.242424
187,188,Iowa City,IA,Iowa,10.78421053,12.49473684,14.18421053,10715.05263
188,189,Irvine,CA,California,8.721621622,9.689189189,10.73243243,17218.16216
189,190,Irving,TX,Texas,12.42407407,13.56851852,14.75185185,12016.05556
190,191,Jackson,MS,Mississippi,15.02181818,16.83272727,18.68363636,9464.381818
191,192,Jacksonville,FL,Florida,13.74076087,14.99891304,16.27880435,14542.20109
192,193,Jersey City,NJ,New Jersey,12.04117647,13.13088235,14.30441176,10923.39706
193,194,Johns Creek,GA,Georgia,7.95625,8.7875,9.75,14386.5
194,195,Joliet,IL,Illinois,13.01489362,14.12978723,15.2893617,9410.553191
195,196,Jonesboro,AR,Arkansas,14.425,15.83125,17.3,12611.4375
196,197,Kalamazoo,MI,Michigan,15.66521739,17.28695652,18.96956522,9686.130435
197,198,Kansas City,KS,Kansas,13.7646789,15.02155963,16.34082569,8332.357798
198,199,Kenner,LA,Louisiana,14.185,15.305,16.5,10005.3
199,200,Kennewick,WA,Washington,14.31875,15.55625,16.7875,13859.4375
200,201,Kenosha,WI,Wisconsin,12.25517241,13.41034483,14.62068966,10263.24138
201,202,Kent,WA,Washington,13.516,14.536,15.6,11089.32
202,203,Killeen,TX,Texas,14.2137931,15.2,16.24482759,13231.62069
203,204,Knoxville,TN,Tennessee,14.06428571,15.71714286,17.48285714,7662.514286
204,205,Lafayette,IN,Indiana,14.80877193,16.3877193,18.01052632,9882.175439
205,206,Lake Charles,LA,Louisiana,15.29583333,16.77916667,18.27916667,8999.125
206,207,Lake Forest,CA,California,9.761111111,10.72222222,11.77222222,12877.33333
207,208,Lakeland,FL,Florida,14.1195122,15.47317073,16.83170732,7128.02439
208,209,Lakewood,CA,California,10.24769231,11.28307692,12.36923077,10293.26154
209,210,Lancaster,CA,California,13.99722222,15.01944444,16.08055556,13052.75
210,211,Lansing,MI,Michigan,15.00714286,16.33333333,17.72380952,8161.97619
211,212,Laredo,TX,Texas,14.4559322,16.30508475,18.15932203,12004.50847
212,213,Largo,FL,Florida,12.95135135,14.20540541,15.47027027,6295.243243
213,214,Las Cruces,NM,New Mexico,12.99259259,14.35925926,15.78518519,10845.81481
214,215,Las Vegas,NV,Nevada,12.87419355,14.00193548,15.16064516,11298.20645
215,216,Lauderhill,FL,Florida,15.03529412,16.48823529,17.92941176,11803.58824
216,217,Lawrence,KS,Kansas,13.2525,14.78,16.3125,12301.5
217,218,Lawton,OK,Oklahoma,15.71666667,17.00666667,18.20666667,9686.7
218,219,Layton,UT,Utah,10.96,12.2,13.46,10096.1
219,220,League City,TX,Texas,10.67142857,11.75,12.87857143,17903.85714
220,221,Lee's Summit,MO,Missouri,10.6,11.86956522,13.16521739,11916.47826
221,222,Lewisville,TX,Texas,11.24117647,12.42352941,13.68529412,8407.941176
222,223,Lexington,KY,Kentucky,13.19404762,14.76666667,16.4,10564.39286
223,224,Lincoln,NE,Nebraska,9.973972603,11.24520548,12.60273973,10618.28767
224,225,Little Rock,AR,Arkansas,12.68113208,13.85283019,15.09245283,10954.01887
225,226,Livermore,CA,California,9.80952381,10.87619048,12.0047619,11566.85714
226,227,Livonia,MI,Michigan,10.66363636,11.96363636,13.30909091,8812.909091
227,228,Long Beach,CA,California,12.2036036,13.30540541,14.44324324,12493.42342
228,229,Longmont,CO,Colorado,10.42,11.52,12.68,12938.25
229,230,Longview,TX,Texas,14.08695652,15.18695652,16.3173913,10494.04348
230,231,Los Angeles,CA,California,12.00361446,13.26666667,14.55803213,11423.41165
231,232,Louisville,KY,Kentucky,13.53241758,14.86428571,16.25274725,9845.967033
232,233,Loveland,CO,Colorado,10.26111111,11.43333333,12.63333333,11143.16667
233,234,Lowell,MA,Massachusetts,14.22962963,15.52222222,16.84074074,11835.44444
234,235,Lubbock,TX,Texas,13.23709677,14.75322581,16.36451613,11108.37097
235,236,Lynchburg,VA,Virginia,13.69047619,15.0,16.35238095,10795.42857
236,237,Lynn,MA,Massachusetts,13.83333333,14.87083333,15.90833333,11291.125
237,238,Lynwood,CA,California,14.82857143,16.4,17.95714286,14951.14286
238,239,Macon,GA,Georgia,14.98378378,16.35945946,17.82432432,7406.594595
239,240,Madison,WI,Wisconsin,10.00298507,11.39850746,12.86865672,10441.95522
240,241,Manchester,NH,New Hampshire,13.08387097,14.47741935,15.91290323,10603.06452
241,242,Manteca,CA,California,13.08947368,14.03684211,15.01578947,10594.10526
242,243,McAllen,TX,Texas,12.12592593,13.67407407,15.25185185,14429.85185
243,244,McKinney,TX,Texas,10.46296296,11.6,12.84444444,14567.37037
244,245,Medford,OR,Oregon,15.03636364,16.52727273,18.04090909,10213.68182
245,246,Melbourne,FL,Florida,13.19166667,14.45416667,15.75416667,9504.25
246,247,Memphis,TN,Tennessee,14.96166667,16.49888889,18.08888889,10781.38333
247,248,Menifee,CA,California,11.94,12.96,14.004,9302.28
248,249,Merced,CA,California,15.265,16.485,17.695,11842.5
249,250,Meridian,ID,Idaho,10.75,11.93,13.2,22527.6
250,251,Mesa,AZ,Arizona,12.11544715,13.34308943,14.59105691,10708.02439
251,252,Mesquite,TX,Texas,13.89117647,15.04411765,16.22058824,12336.08824
252,253,Miami,FL,Florida,13.6184466,15.04660194,16.48543689,11634.15534
253,254,Miami Beach,FL,Florida,10.72258065,11.90645161,13.12580645,8494.741935
254,255,Miami Gardens,FL,Florida,15.252,16.66,18.092,12860.0
255,256,Midland,TX,Texas,11.66153846,12.73461538,13.82692308,12822.96154
256,257,Milpitas,CA,California,8.058823529,8.9,9.805882353,11782.47059
257,258,Milwaukee,WI,Wisconsin,14.60280374,16.13878505,17.73971963,8338.658879
258,259,Minneapolis,MN,Minnesota,10.22372881,11.40169492,12.68474576,9726.559322
259,260,Miramar,FL,Florida,12.65555556,13.67222222,14.71666667,20340.16667
260,261,Mission,TX,Texas,13.23529412,14.77058824,16.28823529,13598.0
261,262,Mission Viejo,CA,California,9.228,10.224,11.284,11196.6
262,263,Missoula,MT,Montana,11.11666667,12.64444444,14.23888889,11131.33333
263,264,Missouri City,TX,Texas,10.325,11.405,12.57,10103.7
264,265,Mobile,AL,Alabama,15.30649351,16.78701299,18.31688312,7600.87013
265,266,Modesto,CA,California,14.38125,15.55833333,16.72916667,12572.70833
266,267,Montgomery,AL,Alabama,14.85,16.38064516,17.9483871,9955.822581
267,268,Moreno Valley,CA,California,14.4,15.49130435,16.61956522,12610.76087
268,269,Mt. Pleasant,SC,South Carolina,9.607692308,10.83076923,12.17692308,15655.84615
269,270,Mount Vernon,NY,New York,12.76818182,13.95454545,15.15,9176.181818
270,271,Mountain View,CA,California,8.013636364,8.813636364,9.740909091,10098.63636
271,272,Muncie,IN,Indiana,16.74615385,18.65769231,20.55,8085.038462
272,273,Murfreesboro,TN,Tennessee,12.68148148,14.2,15.76296296,12083.7037
273,274,Murrieta,CA,California,11.63888889,12.68333333,13.77777778,17242.22222
274,275,Nampa,ID,Idaho,13.23125,14.4625,15.7125,15291.375
275,276,Napa,CA,California,11.3375,12.5125,13.72916667,9612.333333
276,277,Naperville,IL,Illinois,8.392105263,9.421052632,10.64473684,11198.52632
277,278,Nashua,NH,New Hampshire,11.515,12.815,14.15,12974.1
278,279,Nashville,TN,Tennessee,12.88924051,14.29936709,15.77405063,11415.60759
279,280,New Bedford,MA,Massachusetts,16.4030303,17.77272727,19.16666667,8642.909091
280,281,New Britain,CT,Connecticut,14.69565217,15.86086957,17.06521739,9548.608696
281,282,New Haven,CT,Connecticut,13.27575758,14.56969697,15.93939394,11798.09091
282,283,New Orleans,LA,Louisiana,14.6137931,16.26206897,17.98505747,5928.005747
283,284,New Rochelle,NY,New York,11.17647059,12.20588235,13.3,13599.17647
284,285,New York,NY,New York,11.86753185,13.12770175,14.45700802,11573.87588
285,286,Newark,NJ,New Jersey,15.80674157,17.25280899,18.71573034,9341.797753
286,287,Newport Beach,CA,California,8.147826087,9.065217391,10.12608696,11109.91304
287,288,Newport News,VA,Virginia,13.16956522,14.34782609,15.55434783,11786.02174
288,289,Newton,MA,Massachusetts,8.35,9.265,10.36,12771.9
289,290,Norfolk,VA,Virginia,13.34556962,14.67848101,16.05822785,9220.291139
290,291,Norman,OK,Oklahoma,14.07333333,15.72,17.38333333,11091.73333
291,292,North Charleston,SC,South Carolina,15.47666667,16.87666667,18.23666667,9745.533333
292,293,North Las Vegas,NV,Nevada,14.27884615,15.44038462,16.6,12516.98077
293,294,Norwalk,CA,California,10.54680851,11.57234043,12.64893617,12201.19149
294,295,O'Fallon,MO,Missouri,10.85909091,12.16363636,13.5,10817.18182
295,296,Oakland,CA,California,11.47894737,12.51052632,13.61578947,10281.87719
296,297,Oceanside,CA,California,11.225,12.29444444,13.40833333,13923.83333
297,298,Odessa,TX,Texas,12.76923077,13.86923077,15.03076923,11531.53846
298,299,Ogden,UT,Utah,14.29615385,15.62692308,16.95769231,9554.692308
299,300,Oklahoma City,OK,Oklahoma,14.54174312,15.82889908,17.15321101,7981.458716
300,301,Olathe,KS,Kansas,9.413333333,10.56,11.80333333,12587.2
301,302,Omaha,NE,Nebraska,11.05655172,12.26413793,13.52827586,8461.124138
302,303,Ontario,CA,California,12.81538462,14.05128205,15.29230769,12608.79487
303,304,Orange,CA,California,10.44166667,11.53611111,12.68333333,11368.0
304,305,Orem,UT,Utah,10.724,12.072,13.492,10598.24
305,306,Orlando,FL,Florida,13.23,14.51375,15.8475,8935.825
306,307,Overland Park,KS,Kansas,7.882,8.86,9.97,10401.7
307,308,Oxnard,CA,California,13.53414634,14.98780488,16.4195122,14480.41463
308,309,Palatine,IL,Illinois,9.217647059,10.29411765,11.45882353,12098.29412
309,310,Palm Bay,FL,Florida,13.87222222,14.95555556,16.08888889,17198.33333
310,311,Palm Coast,FL,Florida,12.75882353,13.84705882,14.95882353,13266.94118
311,312,Palmdale,CA,California,14.13611111,15.26666667,16.425,12726.47222
312,313,Parma,OH,Ohio,12.52083333,13.68333333,14.875,10200.125
313,314,Pasadena,CA,California,11.68630137,12.72739726,13.82328767,11759.0411
314,315,Passaic,NJ,New Jersey,16.325,17.8875,19.425,13083.9375
315,316,Paterson,NJ,New Jersey,16.69142857,17.91428571,19.16285714,12531.34286
316,317,Pawtucket,RI,Rhode Island,15.62173913,16.86086957,18.0826087,9280.173913
317,318,Pearland,TX,Texas,10.13529412,11.07058824,12.07647059,16103.29412
318,319,Pembroke Pines,FL,Florida,10.92903226,11.80322581,12.70967742,14975.41935
319,320,Peoria,AZ,Arizona,12.12289157,13.31566265,14.52048193,9724.349398
320,321,Perris,CA,California,15.3,16.51666667,17.775,17092.66667
321,322,Pharr,TX,Texas,13.86363636,15.52727273,17.18181818,19200.0
322,323,Philadelphia,PA,Pennsylvania,14.69761905,16.16878307,17.70714286,12111.01058
323,324,Phoenix,AZ,Arizona,13.14804469,14.45586592,15.79581006,12114.16201
324,325,Pittsburgh,PA,Pennsylvania,12.90542636,14.39689922,15.98372093,7108.55814
325,326,Plano,TX,Texas,9.078333333,10.08333333,11.19666667,12992.05
326,327,Plantation,FL,Florida,11.44090909,12.42272727,13.45454545,11584.77273
327,328,Pleasanton,CA,California,8.06875,8.9125,9.89375,13178.4375
328,329,Plymouth,MN,Minnesota,7.470588235,8.370588235,9.376470588,12454.58824
329,330,Pomona,CA,California,12.93714286,14.28,15.60571429,12776.4
330,331,Pompano Beach,FL,Florida,13.33571429,14.50357143,15.68928571,10697.67857
331,332,Port St. Lucie,FL,Florida,13.16521739,14.2173913,15.26521739,21468.73913
332,333,Portland,ME,Maine,12.21525424,13.56610169,15.03841808,11015.81356
333,334,Portsmouth,VA,Virginia,13.47878788,14.82727273,16.16969697,8685.0
334,335,Providence,RI,Rhode Island,15.61707317,17.05365854,18.51219512,13027.46341
335,336,Provo,UT,Utah,12.51333333,14.62666667,16.59666667,11248.6
336,337,Pueblo,CO,Colorado,13.7025,14.845,15.9975,7994.375
337,338,Quincy,MA,Massachusetts,10.89545455,12.09545455,13.35454545,12582.40909
338,339,Racine,WI,Wisconsin,12.75416667,13.76666667,14.78333333,9856.791667
339,340,Raleigh,NC,North Carolina,10.79680851,12.06808511,13.50106383,12889.20213
340,341,Rancho Cucamonga,CA,California,10.9516129,11.87741935,12.83225806,15993.77419
341,342,Rapid City,SD,South Dakota,10.27142857,11.31428571,12.4047619,9707.857143
342,343,Reading,PA,Pennsylvania,18.08965517,19.42413793,20.77931034,9111.931034
343,344,Redding,CA,California,12.77931034,14.06551724,15.4,9294.275862
344,345,Redlands,CA,California,10.95789474,12.18421053,13.50526316,10854.78947
345,346,Redondo Beach,CA,California,8.533333333,9.406666667,10.38,13349.6
346,347,Redwood City,CA,California,9.927272727,10.91818182,11.98181818,10473.54545
347,348,Reno,NV,Nevada,12.7826087,14.05652174,15.37101449,9791.73913
348,349,Renton,WA,Washington,11.28846154,12.26538462,13.29230769,10490.0
349,350,Rialto,CA,California,13.78387097,15.01612903,16.28387097,9597.193548
350,351,Richardson,TX,Texas,9.723076923,10.79230769,11.94230769,11448.30769
351,352,Richmond,CA,California,12.99479167,14.3625,15.815625,9621.125
352,353,Rio Rancho,NM,New Mexico,12.5,13.51111111,14.56666667,14586.27778
353,354,Riverside,CA,California,13.26666667,14.47083333,15.7125,12660.5
354,355,Roanoke,VA,Virginia,13.896,15.136,16.436,11643.84
355,356,Rochester,MN,Minnesota,14.67767857,15.99107143,17.38125,8499.276786
356,357,Rochester Hills,MI,Michigan,9.695454545,10.85,12.05454545,9681.136364
357,358,Rock Hill,SC,South Carolina,14.07916667,15.55,17.04166667,8269.25
358,359,Rockford,IL,Illinois,14.11272727,15.27090909,16.44363636,8337.963636
359,360,Roseville,CA,California,10.20322581,11.31935484,12.50967742,11495.48387
360,361,Roswell,GA,Georgia,9.03,10.06,11.175,13251.9
361,362,Round Rock,TX,Texas,11.04230769,12.18076923,13.38846154,11524.69231
362,363,Sacramento,CA,California,12.95726496,13.97008547,15.01196581,11960.26496
363,364,Salem,OR,Oregon,14.19487179,15.57948718,17.01025641,11894.46154
364,365,Salinas,CA,California,14.18823529,15.61764706,17.03235294,13274.0
365,366,Salt Lake City,UT,Utah,10.95535714,12.19285714,13.52857143,9987.392857
366,367,San Angelo,TX,Texas,12.275,13.41666667,14.5125,11649.91667
367,368,San Antonio,TX,Texas,12.64249201,13.82683706,15.03482428,12721.88179
368,369,San Bernardino,CA,California,15.8,17.00535714,18.23214286,11245.78571
369,370,Ventura,CA,California,11.06538462,12.12692308,13.23461538,12280.0
370,371,San Diego,CA,California,10.56006944,11.68298611,12.87291667,13618.20139
371,372,San Francisco,CA,California,9.329441624,10.28172589,11.37614213,12262.46193
372,373,San Jose,CA,California,9.614883721,10.60418605,11.65255814,13198.42791
373,374,San Leandro,CA,California,10.53333333,11.33333333,12.11904762,12135.28571
374,375,San Marcos,CA,California,11.075,12.165,13.31,12567.15
375,376,San Mateo,CA,California,9.003571429,9.878571429,10.81428571,10415.03571
376,377,San Ramon,CA,California,7.911764706,8.758823529,9.747058824,12729.17647
377,378,Sandy,UT,Utah,9.822222222,11.06296296,12.33703704,9715.814815
378,379,Sandy Springs,GA,Georgia,8.903846154,9.819230769,10.84230769,10828.57692
379,380,Santa Ana,CA,California,13.32063492,14.72857143,16.13333333,15453.71429
380,381,Santa Barbara,CA,California,9.911538462,11.01923077,12.23461538,10201.15385
381,382,Santa Clara,CA,California,8.523076923,9.376923077,10.34230769,13438.5
382,383,Santa Clarita,CA,California,10.33469388,11.39183673,12.50204082,10794.69388
383,384,Santa Fe,NM,New Mexico,10.58333333,11.71666667,12.98666667,6791.433333
384,385,Santa Maria,CA,California,13.785,15.235,16.61,14932.6
385,386,Santa Monica,CA,California,8.79047619,9.704761905,10.77619048,12819.42857
386,387,Santa Rosa,CA,California,11.78421053,12.90263158,14.06578947,13248.55263
387,388,Savannah,GA,Georgia,13.26470588,14.7,16.20784314,8015.176471
388,389,Schaumburg,IL,Illinois,8.859259259,9.914814815,11.0962963,8246.518519
389,390,Schenectady,NY,New York,15.09090909,16.38636364,17.69545455,9018.409091
390,391,Scottsdale,AZ,Arizona,8.70952381,9.776190476,10.97301587,10350.95238
391,392,Scranton,PA,Pennsylvania,14.75517241,16.29310345,17.8137931,7871.275862
392,393,Seattle,WA,Washington,10.37794118,11.46470588,12.69485294,13426.32353
393,394,Shreveport,LA,Louisiana,16.04590164,17.63442623,19.25409836,9801.852459
394,395,Simi Valley,CA,California,11.04285714,12.04642857,13.09285714,13310.71429
395,396,Sioux City,IA,Iowa,12.71666667,13.82083333,14.9625,10335.25
396,397,Sioux Falls,SD,South Dakota,9.653846154,10.80769231,12.02307692,11836.23077
397,398,Somerville,MA,Massachusetts,10.37,11.66,13.24,11363.1
398,399,South Bend,IN,Indiana,15.48478261,16.81521739,18.19782609,6597.891304
399,400,South Gate,CA,California,13.59545455,15.27727273,16.90909091,12872.18182
400,401,Southfield,MI,Michigan,11.26,12.384,13.572,8608.68
401,402,Sparks,NV,Nevada,12.876,14.044,15.216,10830.32
402,403,Spokane,WA,Washington,13.49152542,14.86949153,16.32033898,10622.55932
403,404,Spokane Valley,WA,Washington,12.92592593,14.21111111,15.53703704,9972.777778
404,405,Springdale,AR,Arkansas,14.36111111,15.62777778,16.92222222,11632.83333
405,406,Springfield,IL,Illinois,14.56911765,16.00808824,17.48823529,9458.286765
406,407,St. George,UT,Utah,11.32666667,12.46666667,13.72,14578.53333
407,408,St. Joseph,MO,Missouri,14.66923077,16.02307692,17.37307692,8859.230769
408,409,St. Louis,MO,Missouri,14.22962963,15.725,17.31944444,8869.277778
409,410,St. Paul,MN,Minnesota,11.60843373,12.74698795,13.9746988,10303.66265
410,411,St. Petersburg,FL,Florida,12.89014085,14.14788732,15.45774648,10341.5493
411,412,Stamford,CT,Connecticut,9.003703704,9.881481481,10.82962963,13627.0
412,413,Sterling Heights,MI,Michigan,13.02142857,14.46785714,15.93214286,13895.85714
413,414,Stockton,CA,California,14.24507042,15.3084507,16.37183099,12325.09859
414,415,Suffolk,VA,Virginia,12.06333333,13.18666667,14.33,8458.5
415,416,Sugar Land,TX,Texas,8.145,9.05,10.05,11820.45
416,417,Sunnyvale,CA,California,7.532258065,8.290322581,9.164516129,13555.3871
417,418,Sunrise,FL,Florida,12.30434783,13.30434783,14.33478261,11013.78261
418,419,Surprise,AZ,Arizona,10.61666667,11.76333333,12.94,11751.43333
419,420,Syracuse,NY,New York,16.3877193,18.01754386,19.7,7640.491228
420,421,Tacoma,WA,Washington,13.91509434,15.08490566,16.28867925,11229.50943
421,422,Tallahassee,FL,Florida,13.66101695,15.47457627,17.39152542,9221.881356
422,423,Tampa,FL,Florida,14.07363636,15.42545455,16.84272727,9154.790909
423,424,Temecula,CA,California,11.44166667,12.49583333,13.60416667,12512.125
424,425,Tempe,AZ,Arizona,11.82195122,13.33414634,14.87804878,11833.09756
425,426,Thornton,CO,Colorado,11.54117647,12.76176471,14.00882353,10479.61765
426,427,Thousand Oaks,CA,California,9.48,10.6,11.77333333,12668.06667
427,428,Toledo,OH,Ohio,15.93168317,17.34851485,18.76633663,8530.930693
428,429,Topeka,KS,Kansas,12.0275,13.0225,14.045,9560.05
429,430,Torrance,CA,California,8.428125,9.184375,9.99375,13634.8125
430,431,Tracy,CA,California,12.225,13.05,13.9125,15545.9375
431,432,Trenton,NJ,New Jersey,16.74814815,18.11481481,19.48148148,9434.777778
432,433,Troy,MI,Michigan,8.9,9.945833333,11.1125,10122.5
433,434,Tucson,AZ,Arizona,13.13450704,14.39929577,15.7028169,10987.90845
434,435,Tulsa,OK,Oklahoma,14.88106061,16.19545455,17.56666667,8906.325758
435,436,Turlock,CA,California,13.88235294,15.04705882,16.25882353,12096.88235
436,437,Tuscaloosa,AL,Alabama,15.23888889,17.33333333,19.34722222,7538.138889
437,438,Tustin,CA,California,10.535,11.6,12.69,11327.25
438,439,Tyler,TX,Texas,13.42758621,14.67931034,15.96206897,10024.10345
439,440,Union City,CA,California,11.44736842,12.64210526,13.87105263,10734.55263
440,441,Upland,CA,California,11.06315789,11.95789474,12.85789474,11641.89474
441,442,Vacaville,CA,California,11.60454545,12.59090909,13.6,12603.31818
442,443,Vallejo,CA,California,11.84,12.62571429,13.44,9937.885714
443,444,Vancouver,WA,Washington,12.82244898,14.15510204,15.53061224,9904.77551
444,445,Victorville,CA,California,14.15238095,15.22380952,16.33333333,16557.33333
445,446,Virginia Beach,VA,Virginia,10.7980198,11.88910891,13.0019802,13009.72277
446,447,Visalia,CA,California,13.4173913,14.57391304,15.73043478,16231.52174
447,448,Vista,CA,California,12.23214286,13.39285714,14.61071429,10052.64286
448,449,Waco,TX,Texas,14.91891892,16.33513514,17.78648649,10118.37838
449,450,Warner Robins,GA,Georgia,13.30952381,14.36190476,15.42380952,9512.571429
450,451,Warren,MI,Michigan,15.07954545,16.39090909,17.72727273,9139.363636
451,452,Warwick,RI,Rhode Island,13.03478261,14.47826087,15.95217391,10783.17391
452,453,Washington,DC,District of C,10.47611111,11.75611111,13.23166667,10028.53333
453,454,Waterbury,CT,Connecticut,15.09333333,16.09666667,17.11666667,11036.6
454,455,Waterloo,IA,Iowa,12.21071429,13.35357143,14.525,7328.071429
455,456,Waukegan,IL,Illinois,13.45555556,14.54814815,15.68148148,9896.592593
456,457,Waukesha,WI,Wisconsin,10.35909091,11.55909091,12.81818182,9643.318182
457,458,West Covina,CA,California,9.632352941,10.51470588,11.43235294,9361.588235
458,459,West Jordan,UT,Utah,11.59166667,12.80833333,14.0875,12964.0
459,460,West Palm Beach,FL,Florida,13.178125,14.428125,15.715625,9365.75
460,461,West Valley City,UT,Utah,13.28571429,14.38928571,15.50357143,13872.78571
461,462,Westland,MI,Michigan,13.752,15.016,16.304,10091.28
462,463,Westminster,CA,California,10.6440678,11.70169492,12.80847458,9956.661017
463,464,Whittier,CA,California,10.804,11.748,12.744,10239.72
464,465,Wichita,KS,Kansas,12.99444444,14.1787037,15.40277778,10620.26852
465,466,Wichita Falls,TX,Texas,14.04242424,15.27575758,16.48787879,9504.818182
466,467,Wilmington,DE,Delaware,14.15614035,15.60175439,17.08596491,9331.947368
467,468,Winston-Salem,NC,North Carolina,13.32857143,14.58714286,15.92857143,9839.185714
468,469,Worcester,MA,Massachusetts,14.6326087,16.00434783,17.38043478,11807.28261
469,470,Wyoming,MI,Michigan,14.56875,15.79375,17.04375,13523.1875
470,471,Yakima,WA,Washington,14.86190476,16.16190476,17.45714286,13005.7619
471,472,Yonkers,NY,New York,11.99056604,13.08867925,14.21698113,11092.98113
472,473,Youngstown,OH,Ohio,17.00606061,18.27272727,19.58787879,6088.939394
473,474,Yuma,AZ,Arizona,12.57096774,13.76451613,14.97741935,9004.967742
